Date,Time,Room,Title,Summary,Url,Experiment,Keywords,Interest,Type,Confidence,Unknown Terms
2024-08-29,17:59:45,,SAM2Point: Segment Any 3D as Videos in Zero-shot and Promptable Manners,"This work presents SAM2Point, which adapts a segmentation model for 3D data interpretation as videos, enabling promptable segmentation without training.",http://arxiv.org/pdf/2408.16768v1,,"['3D segmentation', 'zero-shot', 'promptable', 'LiDAR', 'machine learning']",1,,0.4,[]
2024-08-29,17:59:40,,ReconX: Reconstruct Any Scene from Sparse Views with Video Diffusion Model,"This work presents ReconX, a method for 3D scene reconstruction from sparse views using video diffusion models to enhance detail and consistency.",http://arxiv.org/pdf/2408.16767v1,,"['3D reconstruction', 'video diffusion', 'sparse views', 'generative models', 'point cloud']",1,,0.7,[]
2024-08-29,17:59:07,,"A Score-Based Density Formula, with Applications in Diffusion Generative Models","The paper discusses score-based generative models, providing a theoretical foundation for training diffusion generative models using a new density formula.",http://arxiv.org/pdf/2408.16765v1,,"['score-based generative models', 'diffusion generative models', 'ELBO', 'GANs', 'score-matching regularization']",1,,0.4,[]
2024-08-29,17:57:05,,UV-free Texture Generation with Denoising and Geodesic Heat Diffusions,The work addresses issues in UV-based texturing of 3D meshes by proposing a generative model using denoising diffusion and heat diffusion techniques for texture generation.,http://arxiv.org/pdf/2408.16762v1,,"['UV texturing', 'point-clouds', 'denoising', 'heat diffusion', 'self-attention']",1,,0.8,[]
2024-08-29,17:55:07,,Dissecting Out-of-Distribution Detection and Open-Set Recognition: A Critical Analysis of Methods and Benchmarks,"This work analyzes out-of-distribution detection and open-set recognition methods, providing a comprehensive evaluation of their performance and proposing a new benchmark.",http://arxiv.org/pdf/2408.16757v1,,"['out-of-distribution detection', 'open-set recognition', 'machine learning', 'benchmarking', 'empirical analysis']",1,,0.3,[]
2024-08-29,17:49:18,,Reinforcement Learning without Human Feedback for Last Mile Fine-Tuning of Large Language Models,"This work presents a reinforcement learning framework for fine-tuning language models without human feedback, enhancing performance in tasks like abstractive summarization.",http://arxiv.org/pdf/2408.16753v1,,"['Reinforcement Learning', 'Language Models', 'Fine-Tuning', 'Abstractive Summarization']",1,,0.2,[]
2024-08-29,17:46:18,,A Gradient Analysis Framework for Rewarding Good and Penalizing Bad Examples in Language Models,"The paper explores methods for optimizing language models by rewarding good examples and penalizing bad ones, presenting a gradient analysis framework for comparison.",http://arxiv.org/pdf/2408.16751v1,,"['language models', 'gradient analysis', 'optimization', 'unlikelihood training', 'ExMATE', 'DPO']",1,,0.2,[]
2024-08-29,17:43:03,,"Assessing Large Language Models for Online Extremism Research: Identification, Explanation, and New Knowledge","This study evaluates the use of large language models for detecting online extremism, comparing BERT and GPT models in classification tasks.",http://arxiv.org/pdf/2408.16749v1,,"['extremism', 'language models', 'BERT', 'GPT', 'classification']",1,,0.3,[]
2024-08-29,17:36:21,,Chiral oscillations in quantum field theory,"The paper discusses chiral oscillations in Dirac particles using a quantum field theory approach, drawing parallels to flavor mixing and oscillations, especially in neutrinos.",http://arxiv.org/pdf/2408.16742v1,,"['chiral oscillations', 'quantum field theory', 'Dirac particles', 'neutrinos', 'flavor mixing']",1,,0.8,[]
2024-08-29,17:32:53,,Bounds on the minimum sound speed above neutron star densities,"The study establishes upper bounds on the sound speed of ultra-dense matter in neutron stars, linking it to their maximum mass and QCD properties.",http://arxiv.org/pdf/2408.16738v1,,"['neutron stars', 'sound speed', 'QCD', 'phase transitions', 'asymptotic freedom']",1,,0.8,[]
2024-08-29,17:32:35,,"Smaller, Weaker, Yet Better: Training LLM Reasoners via Compute-Optimal Sampling","The work investigates the trade-offs in training language models using synthetic data from stronger versus weaker models, revealing that weaker models may yield better performance.",http://arxiv.org/pdf/2408.16737v1,,"['language models', 'synthetic data', 'training', 'compute-optimal', 'reasoning']",1,,0.8,[]
2024-08-29,17:18:53,,"Mini-Omni: Language Models Can Hear, Talk While Thinking in Streaming","The paper presents an audio-based conversational model, Mini-Omni, allowing real-time speech interaction without latency from text-to-speech systems.",http://arxiv.org/pdf/2408.16725v1,,"['language models', 'speech interaction', 'real-time', 'end-to-end model', 'audio processing']",1,,0.2,[]
2024-08-29,17:07:43,,A GREAT Architecture for Edge-Based Graph Problems Like TSP,The paper presents a novel Graph Edge Attention Network (GREAT) for solving combinatorial optimization problems like the Traveling Salesman Problem (TSP) using neural networks.,http://arxiv.org/pdf/2408.16717v1,,"['graph neural networks', 'combinatorial optimization', 'Traveling Salesman Problem', 'reinforcement learning']",1,,0.7,[]
2024-08-29,17:00:47,,"Enhanced forecasting of stock prices based on variational mode decomposition, PatchTST, and adaptive scale-weighted layer","This study presents a framework for forecasting stock prices using variational mode decomposition and machine learning techniques, improving prediction accuracy across major indices.",http://arxiv.org/pdf/2408.16707v1,,"['stock forecasting', 'variational mode decomposition', 'machine learning', 'financial analysis']",1,,0.8,[]
2024-08-29,17:00:38,,Incremental Context-free Grammar Inference in Black Box Settings,The work presents a new method for black-box context-free grammar inference that improves grammar quality and runtime by segmenting example strings.,http://arxiv.org/pdf/2408.16706v1,,"['grammar inference', 'black-box', 'computational efficiency', 'precision', 'recall']",1,,0.8,[]
2024-08-29,16:48:03,,To Be or Not To Be: Adding Integrity Constraints to stableKanren to Make a Decision,This work proposes a new approach to integrate integrity constraints into stableKanren for solving combinatorial search problems using a uniform framework.,http://arxiv.org/pdf/2408.16699v1,,"['integrity constraints', 'stableKanren', 'combinatorial search', 'answer set programming']",1,,0.7,[]
2024-08-29,16:47:58,,SympGNNs: Symplectic Graph Neural Networks for identifiying high-dimensional Hamiltonian systems and node classification,"The work presents Symplectic Graph Neural Networks (SympGNNs) to identify high-dimensional Hamiltonian systems and perform node classification, addressing challenges in graph neural networks.",http://arxiv.org/pdf/2408.16698v1,,"['Graph Neural Networks', 'Hamiltonian Systems', 'Machine Learning', 'Node Classification']",1,,0.4,[]
2024-08-29,16:32:24,,CW-CNN & CW-AN: Convolutional Networks and Attention Networks for CW-Complexes,"This paper introduces a framework for applying convolutional and attention networks to CW-complex structured data, aimed at enhancing machine learning in cheminformatics.",http://arxiv.org/pdf/2408.16686v1,,"['CW-complexes', 'machine learning', 'neural networks', 'cheminformatics']",2,,0.6,[]
2024-08-29,16:28:43,,A Catalog of Fairness-Aware Practices in Machine Learning Engineering,"This paper presents a catalog of practices for ensuring fairness in the machine learning lifecycle, addressing concerns about discrimination and reliability.",http://arxiv.org/pdf/2408.16683v1,,"['Machine Learning', 'Fairness', 'Software Engineering', 'Metrics', 'Lifecycle']",1,,0.3,[]
2024-08-29,16:26:32,,"On Nucleon ""Radii""",The study critiques the geometric interpretations of nucleon radii and describes the gluon cloud's role in nucleon-nucleon interactions at high energy.,http://arxiv.org/pdf/2408.16679v1,,"['nucleon', 'radii', 'gluons', 'scattering', 'Gribov parton scheme']",1,,0.8,[]
2024-08-29,16:26:17,,Digital stabilization of an IQ modulator in the carrier suppressed single side-band (CS-SSB) mode for atom interferometry,"An all-digital method is presented for stabilizing phase biases in an I/Q modulator for atom interferometry, achieving significant optical power suppression.",http://arxiv.org/pdf/2408.16678v1,,"['digital stabilization', 'I/Q modulator', 'atom interferometry', 'phase biases', 'feedback controller']",1,,0.7,[]
2024-08-29,16:22:15,,Cold Quark Matter: Renormalization Group Improvement at next-to-next-to leading order,The work discusses an improved calculation of QCD pressure at zero temperature and baryonic densities using renormalization group optimized perturbation theory.,http://arxiv.org/pdf/2408.16674v1,,"['QCD', 'pressure', 'renormalization group', 'perturbation theory', 'baryonic densities']",1,,0.7,[]
2024-08-29,16:21:00,,Jina-ColBERT-v2: A General-Purpose Multilingual Late Interaction Retriever,"The paper presents Jina-ColBERT-v2, an improved model for multilingual information retrieval that enhances efficiency and reduces storage requirements.",http://arxiv.org/pdf/2408.16672v1,,"['information retrieval', 'multilingual', 'machine learning', 'ColBERT', 'data efficiency']",1,,0.7,[]
2024-08-29,16:21:00,,Entropic Distribution Matching in Supervised Fine-tuning of LLMs: Less Overfitting and Better Diversity,This work proposes a new method for fine-tuning large language models that reduces overfitting and improves output diversity through a maximum entropy principle.,http://arxiv.org/pdf/2408.16673v1,,"['large language models', 'supervised fine-tuning', 'entropy regularization', 'Kullback-Leibler divergence', 'output diversity']",1,,0.2,[]
2024-08-29,16:15:01,,Iterative Graph Alignment,"The work presents Iterative Graph Alignment (IGA), a rule-based alignment algorithm for improving the performance of large language models in rule-based tasks.",http://arxiv.org/pdf/2408.16667v1,,"['Iterative Graph Alignment', 'large language models', 'alignment', 'self-supervised learning']",1,,0.3,[]
2024-08-29,15:57:37,,Measurement of the Decay $Ξ^{0}\toΛγ$ with Entangled $Ξ^{0}\barΞ^{0}$ Pairs,"The study measures the decay of \\Xi^{0} to \\Lambda\\gamma, determining its branching fraction and decay asymmetry, providing insights into weak radiative hyperon decays.",http://arxiv.org/pdf/2408.16654v1,,"['weak decays', 'hyperons', 'branching fraction', 'asymmetry parameter', 'CP symmetry']",1,,0.7,[]
2024-08-29,15:56:22,,Optimal Parallelization of Boosting,"This work addresses the parallel complexity of Boosting algorithms, providing improved lower bounds and a matching parallel algorithm across the tradeoff spectrum.",http://arxiv.org/pdf/2408.16653v1,,"['Boosting', 'parallel algorithms', 'machine learning', 'complexity']",1,,0.7,[]
2024-08-29,15:55:27,,Towards Efficient Modelling of String Dynamics: A Comparison of State Space and Koopman based Deep Learning Methods,"This study compares State Space Models and Koopman-based deep learning for modeling dynamics of stiff strings, focusing on non-linear behaviors and model generalization.",http://arxiv.org/pdf/2408.16650v1,,"['State Space Models', 'Koopman', 'deep learning', 'dynamics', 'non-linear systems']",1,,0.7,[]
2024-08-29,15:52:56,,DriveGenVLM: Real-world Video Generation for Vision Language Model based Autonomous Driving,"The paper presents DriveGenVLM, a framework for generating driving videos using vision language models to enhance understanding and prediction in autonomous driving.",http://arxiv.org/pdf/2408.16647v1,,"['autonomous driving', 'vision language models', 'video generation', 'AI', 'deep learning']",1,,0.2,[]
2024-08-29,15:52:50,,Study of the rare decay $J/ψ\to μ^+μ^-μ^+μ^-$,"The study reports the observation and measurement of the rare decay J/ψ → μ⁺μ⁻μ⁺μ⁻ using LHCb data, with branching fraction determined.",http://arxiv.org/pdf/2408.16646v1,LHCb,"['rare decays', 'J/ψ', 'muons', 'branching fraction', 'LHC']",1,,0.7,[]
2024-08-29,15:45:42,,Flavor Dependence of Charged Pion Fragmentation Functions,The study measures flavor-dependent multiplicities for pi^+ and pi^- production in SIDIS to investigate charge symmetry violation in fragmentation functions.,http://arxiv.org/pdf/2408.16640v1,Jefferson Lab,"['pion fragmentation', 'charge symmetry violation', 'semi-inclusive deep-inelastic scattering', 'flavor dependence']",1,,0.8,[]
2024-08-29,15:42:06,,3D Pose-Based Temporal Action Segmentation for Figure Skating: A Fine-Grained and Jump Procedure-Aware Annotation Approach,This study focuses on segmenting figure skating actions from videos using a new dataset and method for analyzing 3D pose data.,http://arxiv.org/pdf/2408.16638v1,,"['figure skating', '3D pose', 'temporal action segmentation', 'dataset', 'motion capture']",1,,0.2,[]
2024-08-29,15:39:33,,RLCP: A Reinforcement Learning-based Copyright Protection Method for Text-to-Image Diffusion Model,This work presents a reinforcement learning method to minimize copyright infringement in text-to-image models while ensuring image quality.,http://arxiv.org/pdf/2408.16634v1,,"['Reinforcement Learning', 'Copyright Protection', 'Text-to-Image', 'Diffusion Models']",1,,0.7,[]
2024-08-29,15:39:12,,Optimizing Automated Picking Systems in Warehouse Robots Using Machine Learning,"This study explores the use of machine learning to optimize automated picking systems in warehouse robots, enhancing efficiency and accuracy in logistics.",http://arxiv.org/pdf/2408.16633v1,,"['machine learning', 'automation', 'logistics', 'warehouse robots', 'deep learning', 'reinforcement learning']",1,,0.3,[]
2024-08-29,15:39:04,,Maelstrom Networks,"The work introduces Maelstrom Networks, a neural network paradigm that combines recurrent and feed-forward networks for improved memory and learning capabilities.",http://arxiv.org/pdf/2408.16632v1,,"['Artificial Neural Networks', 'working memory', 'deep learning', 'recurrent networks', 'feed-forward networks']",1,,0.4,[]
2024-08-29,15:36:52,,LLMs generate structurally realistic social networks but overestimate political homophily,"The study develops prompting methods for generating social networks using LLMs, comparing realism and bias in the generated networks against real-world data.",http://arxiv.org/pdf/2408.16629v1,,"['social networks', 'LLMs', 'network generation', 'political homophily', 'bias']",1,,0.7,[]
2024-08-29,15:31:51,,Turbulence Strength $C_n^2$ Estimation from Video using Physics-based Deep Learning,"The paper discusses estimating turbulence strength using deep learning methods on video data, comparing classical and modern techniques for improved accuracy.",http://arxiv.org/pdf/2408.16623v1,,"['turbulence', 'deep learning', 'image processing', 'data release', 'differentiable programming']",1,,0.4,[]
2024-08-29,15:28:42,,Towards Infusing Auxiliary Knowledge for Distracted Driver Detection,The paper presents a method for detecting distracted driving using auxiliary knowledge to improve model performance on driver distraction classification.,http://arxiv.org/pdf/2408.16621v1,,"['distracted driving', 'driver detection', 'machine learning', 'scene graphs', 'pose estimation']",1,,0.2,[]
2024-08-29,15:28:01,,Hyperdimensional Vector Tsetlin Machines with Applications to Sequence Learning and Generation,This work presents a two-layered model using hyperdimensional vector computing and Tsetlin machines for efficient sequence learning and classification.,http://arxiv.org/pdf/2408.16620v1,,"['machine learning', 'sequence learning', 'Tsetlin machines', 'hyperdimensional computing']",1,,0.3,[]
2024-08-29,15:20:17,,Blending Low and High-Level Semantics of Time Series for Better Masked Time Series Generation,"This work introduces NC-VQVAE, a framework for generating time series that captures both low and high-level semantics, improving the quality of synthetic samples.",http://arxiv.org/pdf/2408.16613v1,,"['time series generation', 'self-supervised learning', 'latent vectors', 'synthetic samples']",1,,0.7,[]
2024-08-29,15:19:06,,Data Quality Monitoring through Transfer Learning on Anomaly Detection for the Hadron Calorimeters,"This study applies transfer learning to improve anomaly detection in the Hadron Calorimeter, demonstrating enhanced model performance through pre-trained models.",http://arxiv.org/pdf/2408.16612v1,CMS,"['transfer learning', 'anomaly detection', 'Hadron Calorimeter', 'machine learning']",2,,0.7,[]
2024-08-29,15:14:52,,Subspace Representation Learning for Sparse Linear Arrays to Localize More Sources than Sensors: A Deep Learning Methodology,"The study presents a deep learning methodology for localizing more sources than sensors using sparse linear arrays, focusing on subspace representation learning.",http://arxiv.org/pdf/2408.16605v1,,"['deep learning', 'sparse linear arrays', 'subspace representation', 'signal processing']",1,,0.6,[]
2024-08-29,15:12:56,,Distinguishing the sources of dielectron anisotropic flow at low beam energies,"The study analyzes dielectron anisotropic flow in heavy-ion collisions, focusing on distinguishing contributions from baryonic and mesonic resonances using different measurement methods.",http://arxiv.org/pdf/2408.16603v1,HADES,"['dielectron flow', 'heavy-ion collisions', 'anisotropic flow', 'scalar product method', 'baryonic resonances', 'mesonic resonances']",1,,0.4,[]
2024-08-29,15:12:16,,Examination of Code generated by Large Language Models,The paper evaluates the correctness and quality of code generated by large language models like ChatGPT and Copilot through controlled experiments.,http://arxiv.org/pdf/2408.16601v1,,"['Large Language Models', 'Code Generation', 'Software Development', 'Correctness', 'Quality Assessment']",1,,0.4,[]
2024-08-29,15:09:04,,sEMG-Driven Physics-Informed Gated Recurrent Networks for Modeling Upper Limb Multi-Joint Movement Dynamics,"This study presents a physics-informed Gated Recurrent Network for predicting upper limb joint dynamics using sEMG data, showing high accuracy in torque predictions.",http://arxiv.org/pdf/2408.16599v1,,"['sEMG', 'Gated Recurrent Networks', 'multi-joint movement', 'physics-informed neural networks', 'rehabilitation systems']",1,,0.7,[]
2024-08-29,14:55:33,,High-Dimensional Sparse Data Low-rank Representation via Accelerated Asynchronous Parallel Stochastic Gradient Descent,"This work proposes an efficient algorithm for low-rank representation of high-dimensional sparse data, improving accuracy and training time through a novel optimization approach.",http://arxiv.org/pdf/2408.16592v1,,"['low-rank representation', 'high-dimensional data', 'sparse data', 'stochastic gradient descent', 'parallel computing']",1,,0.4,[]
2024-08-29,14:52:42,,CrisperWhisper: Accurate Timestamps on Verbatim Speech Transcriptions,The presentation discusses improvements to the Whisper speech recognition model for accurate timestamping and verbatim transcription under various conditions.,http://arxiv.org/pdf/2408.16589v1,,"['speech recognition', 'timestamps', 'verbatim transcription', 'dynamic time warping', 'noise robustness']",1,,0.7,[]
2024-08-29,14:49:13,,Enhancing Dialogue Generation in Werewolf Game Through Situation Analysis and Persuasion Strategies,"This work explores the use of large language models to enhance dialogue generation in the Werewolf Game, focusing on situation analysis and persuasion strategies.",http://arxiv.org/pdf/2408.16586v1,,"['natural language processing', 'large language models', 'dialogue systems', 'Werewolf Game', 'persuasion strategies']",1,,0.2,[]
2024-08-29,14:48:40,,Strange stars admixed with dark matter: equiparticle model in a two fluid approach,This work investigates strange stars mixed with dark matter using a quark model and explores stable configurations with fermionic and bosonic dark matter.,http://arxiv.org/pdf/2408.16583v1,,"['dark matter', 'strange stars', 'quark model', 'fermionic', 'bosonic']",1,,0.6,[]
2024-08-29,14:44:12,,Transformers Meet ACT-R: Repeat-Aware and Sequential Listening Session Recommendation,This work presents a sequential music recommendation system that accounts for repetitive listening behaviors using a Transformer architecture informed by cognitive psychology.,http://arxiv.org/pdf/2408.16578v1,,"['music recommendation', 'sequential recommender systems', 'Transformer', 'repetitive behavior', 'ACT-R']",1,,0.2,[]
2024-08-29,14:43:42,,Seeking the Sufficiency and Necessity Causal Features in Multimodal Representation Learning,"This work addresses challenges in multimodal representation learning by identifying necessary and sufficient causal features, proposing a method for high-PNS representation.",http://arxiv.org/pdf/2408.16577v1,,"['representation learning', 'multimodal', 'causal features', 'deep learning', 'optimization']",1,,0.3,"['PNS', 'Exogeneity', 'Monotonicity']"
2024-08-29,14:40:32,,An Adaptive Latent Factorization of Tensors Model for Embedding Dynamic Communication Network,The paper presents an Adaptive Temporal-dependent Tensor low-rank representation model for analyzing dynamic communication networks using high-dimensional sparse tensors.,http://arxiv.org/pdf/2408.16573v1,,"['Dynamic Communication Network', 'High-Dimensional Sparse Tensor', 'Tensor Representation', 'Machine Learning', 'Hyper-parameter Optimization']",1,,0.4,[]
2024-08-29,14:35:14,,Identifying Terrain Physical Parameters from Vision -- Towards Physical-Parameter-Aware Locomotion and Navigation,"The work proposes a self-supervised learning framework for estimating physical terrain properties from visual input, enhancing robotic navigation and locomotion.",http://arxiv.org/pdf/2408.16567v1,,"['robotics', 'self-supervised learning', 'physical parameter estimation', 'vision', 'locomotion', 'navigation']",1,,0.2,[]
2024-08-29,14:18:54,,Android Malware Detection Based on RGB Images and Multi-feature Fusion,"This work presents a technique for detecting Android malware using RGB images and multi-feature fusion, achieving high accuracy against existing methods.",http://arxiv.org/pdf/2408.16555v1,,"['Android', 'malware detection', 'image classification', 'feature fusion', 'Canny edge detection']",1,,0.9,[]
2024-08-29,14:16:13,,Super-Resolution works for coastal simulations,"The presentation discusses a deep learning approach to enhance coastal ocean simulations from low-resolution data, improving predictive capabilities for flooding events.",http://arxiv.org/pdf/2408.16553v1,,"['Deep Learning', 'Coastal Simulations', 'Super-Resolution', 'Physics-Informed Loss', 'Spatiotemporal Attention']",1,,0.3,[]
2024-08-29,14:15:02,,AAK24: Global QCD analysis on polarized parton distribution in the presence of $A_2$ asymmetry measurements,"The work presents a NLO QCD analysis focusing on polarized parton distribution functions using recent experimental data, emphasizing the role of semi-inclusive measurements.",http://arxiv.org/pdf/2408.16552v1,,"['QCD', 'polarized parton distribution', 'DIS', 'SIDIS', 'symmetry breaking', 'uncertainties', 'Hessian method']",1,,0.8,[]
2024-08-29,14:01:30,,Statistical and Geometrical properties of regularized Kernel Kullback-Leibler divergence,"This work introduces a regularized variant of the Kullback-Leibler divergence using kernel covariance operators, addressing limitations in existing divergences.",http://arxiv.org/pdf/2408.16543v1,,"['Kullback-Leibler divergence', 'kernel methods', 'regularization', 'probability distributions']",1,,0.7,[]
2024-08-29,14:00:57,,SALSA: Speedy ASR-LLM Synchronous Aggregation,"The work presents SALSA, a novel approach to improve automatic speech recognition for low-resource languages using pre-trained large language models, achieving significant error reductions.",http://arxiv.org/pdf/2408.16542v1,,"['ASR', 'LLM', 'low-resource languages', 'error correction', 'machine learning']",1,,0.2,[]
2024-08-29,13:53:16,,On the Schwinger effect during axion inflation,"The work revisits Schwinger pair-production during axion inflation, improving predictions for gauge-field production efficiency and energy densities.",http://arxiv.org/pdf/2408.16538v1,,"['Schwinger effect', 'axion inflation', 'gauge fields', 'pair production']",1,,0.7,[]
2024-08-29,13:52:28,,SFR-GNN: Simple and Fast Robust GNNs against Structural Attacks,"The work presents SFR-GNN, an efficient defense method for Graph Neural Networks against adversarial structural attacks, achieving significant speedup and robustness in node classification tasks.",http://arxiv.org/pdf/2408.16537v1,,"['Graph Neural Networks', 'adversarial attacks', 'efficiency', 'robustness', 'node classification']",1,,0.7,[]
2024-08-29,13:50:08,,"TinyTNAS: GPU-Free, Time-Bound, Hardware-Aware Neural Architecture Search for TinyML Time Series Classification","TinyTNAS is a multi-objective Neural Architecture Search tool for optimizing neural networks for TinyML applications, focusing on efficiency without GPU reliance.",http://arxiv.org/pdf/2408.16535v1,,"['TinyML', 'Neural Architecture Search', 'CPU optimization', 'time series classification', 'resource constraints']",1,,0.7,[]
2024-08-29,13:43:36,,WavTokenizer: an Efficient Acoustic Discrete Codec Tokenizer for Audio Language Modeling,"WavTokenizer is an acoustic codec tokenizer that compresses audio signals into discrete tokens, achieving state-of-the-art quality with fewer tokens through advanced techniques.",http://arxiv.org/pdf/2408.16532v1,,"['audio modeling', 'codec tokenizer', 'compression', 'semantic information', 'reconstruction quality']",1,,0.8,[]
2024-08-29,13:39:30,,Electromagnetic responses of a nonextensive quark-gluon plasma,The study investigates electromagnetic properties of a nonextensive quark-gluon plasma using kinetic theory to derive gluon self-energies and related indices.,http://arxiv.org/pdf/2408.16528v1,,"['quark-gluon plasma', 'electromagnetic responses', 'kinetic theory', 'gluons', 'nonextensive statistics']",1,,0.8,[]
2024-08-29,13:39:01,,Multitask learning for improved scour detection: A dynamic wave tank study,The study employs a Bayesian hierarchical model for multitask learning to enhance anomaly detection in offshore wind turbine structures using natural frequency observations.,http://arxiv.org/pdf/2408.16527v1,,"['Bayesian', 'multitask learning', 'structural health monitoring', 'offshore wind farm', 'anomaly detection']",1,,0.7,[]
2024-08-29,13:28:11,,Adaptive Variational Continual Learning via Task-Heuristic Modelling,"This work presents AutoVCL, an extension of the GVCL model that optimizes hyperparameters based on task similarity and difficulty.",http://arxiv.org/pdf/2408.16517v1,,"['variational continual learning', 'hyperparameter optimization', 'task heuristics']",1,,0.7,[]
2024-08-29,12:49:22,,On-device AI: Quantization-aware Training of Transformers in Time-Series,The research focuses on optimizing the Transformer model for time-series forecasting on resource-limited sensor devices using quantization-aware training.,http://arxiv.org/pdf/2408.16495v1,,"['AI', 'Transformers', 'Time-Series', 'Optimization', 'Quantization', 'FPGAs']",1,,0.2,[]
2024-08-29,12:09:55,,Gravitational waves from thermal heavy scalar dark matter,The study presents a scalar dark matter candidate with a mass of 1-10 TeV and its implications for gravitational wave signals from phase transitions.,http://arxiv.org/pdf/2408.16475v1,,"['dark matter', 'gravitational waves', 'electroweak phase transition', 'scalar particle']",1,,0.5,"['gauge singlet scalar', 'Higgs portal mediator', 'supercooling']"
2024-08-29,11:51:41,,An Exploratory Deep Learning Approach for Predicting Subsequent Suicidal Acts in Chinese Psychological Support Hotlines,"This research explores the use of AI to improve suicide risk prediction in support hotlines, demonstrating a novel model that outperforms traditional methods.",http://arxiv.org/pdf/2408.16463v1,,"['Deep Learning', 'Suicide Prediction', 'Psychological Support', 'Artificial Intelligence']",1,,0.8,[]
2024-08-29,11:45:01,,HYGENE: A Diffusion-based Hypergraph Generation Method,"The work presents HYGENE, a method for generating hypergraphs using a diffusion-based approach, demonstrating its ability to model complex relationships.",http://arxiv.org/pdf/2408.16457v1,,"['hypergraphs', 'deep learning', 'generative models', 'diffusion process']",1,,0.3,[]
2024-08-29,11:24:16,,Event-activity-dependent beauty-baryon enhancement in simulations with color junctions,"The study explores the enhancement of beauty baryon-to-meson production ratios in LHC data, examining event activity and color reconnection models.",http://arxiv.org/pdf/2408.16447v1,"LHCb, ALICE","['beauty baryons', 'event activity', 'color reconnection', 'heavy flavor']",1,,0.6,[]
2024-08-29,11:07:48,,Integrating Features for Recognizing Human Activities through Optimized Parameters in Graph Convolutional Networks and Transformer Architectures,"This study explores deep learning techniques for human activity recognition, focusing on feature fusion in Graph Convolutional Networks and Transformers.",http://arxiv.org/pdf/2408.16442v1,,"['human activity recognition', 'deep learning', 'feature fusion', 'Graph Convolutional Networks', 'Transformer architectures']",1,,0.8,[]
2024-08-29,11:05:20,,Analysis of the semileptonic $B_c\to D_s^*μ^+ μ^-$ decay mode in the effective field theory approach,"The study explores the exclusive semileptonic decay $B_c\\to D_s^{*}\\mu^+ \\mu^-$ using Effective Field Theory, predicting observables and branching ratios amidst potential new physics.",http://arxiv.org/pdf/2408.16439v1,Belle-II,"['semileptonic decay', 'Effective Field Theory', 'branching ratio', 'new physics', 'B_c', 'D_s*', 'b to s transition']",1,,0.7,[]
2024-08-29,10:44:59,,Do Recommender Systems Promote Local Music? A Reproducibility Study Using Music Streaming Data,"This study analyzes how recommender systems affect local music representation, highlighting biases and the importance of dataset diversity in conclusions.",http://arxiv.org/pdf/2408.16430v1,,"['recommender systems', 'local music', 'algorithmic biases', 'music streaming', 'data reproducibility']",1,,0.8,[]
2024-08-29,10:43:55,,Gradient-free variational learning with conditional mixture networks,"The work presents a method for efficient Bayesian learning using conditional mixture networks, focusing on gradient-free inference and competitive predictive performance.",http://arxiv.org/pdf/2408.16429v1,,"['Bayesian methods', 'machine learning', 'conditional mixture networks', 'gradient-free inference']",1,,0.6,[]
2024-08-29,10:36:29,,COIN: Control-Inpainting Diffusion Prior for Human and Camera Motion Estimation,"The study presents COIN, a method for disentangling human and camera motions in videos, improving motion estimation accuracy with a novel control-inpainting approach.",http://arxiv.org/pdf/2408.16426v1,,"['motion estimation', 'camera motion', 'human motion', 'diffusion models', 'optimization']",1,,0.8,[]
2024-08-29,10:35:07,,A Comparative Study of Hyperparameter Tuning Methods,"This study evaluates three hyperparameter tuning algorithms across regression and classification tasks, highlighting the importance of choosing the right method based on the model type.",http://arxiv.org/pdf/2408.16425v1,,"['hyperparameter tuning', 'machine learning', 'regression', 'classification', 'model optimization']",1,,0.4,[]
2024-08-29,10:21:00,,Fourier Spectral Physics Informed Neural Network: An Efficient and Low-Memory PINN,This work presents a new approach to physics-informed neural networks that reduces memory use and training time while improving accuracy through spectral methods.,http://arxiv.org/pdf/2408.16414v1,,"['physics-informed neural networks', 'spectral methods', 'machine learning', 'efficiency', 'accuracy']",1,,0.4,[]
2024-08-29,10:05:56,,A Bi-polar Current Source with High Short-term Stability for Tsinghua Tabletop Kibble Balance,"The paper presents a digital-feedback current source designed for Kibble balance experiments, achieving high precision and stability for weighing measurements.",http://arxiv.org/pdf/2408.16405v1,,"['current source', 'Kibble balance', 'high precision', 'digital feedback', 'stability']",1,,0.8,[]
2024-08-29,10:02:29,,DeepSPoC: A Deep Learning-Based PDE Solver Governed by Sequential Propagation of Chaos,"The presentation introduces deepSPoC, a method combining sequential propagation of chaos and deep learning to solve stochastic differential equations and improve computational efficiency.",http://arxiv.org/pdf/2408.16403v1,,"['Deep Learning', 'Stochastic Differential Equations', 'Mean-Field Equations', 'Normalizing Flows']",1,,0.5,"['Sequential Propagation of Chaos', 'Normalizing Flows', 'Fokker-Planck equations']"
2024-08-29,09:55:55,,Illuminating the Diversity-Fitness Trade-Off in Black-Box Optimization,"The paper explores the trade-off between solution diversity and quality in optimization, emphasizing the importance of diverse options for decision-makers.",http://arxiv.org/pdf/2408.16393v1,,"['diversity optimization', 'quality diversity', 'multimodal optimization', 'search heuristics', 'empirical study']",1,,0.7,[]
2024-08-29,09:54:46,,TempoKGAT: A Novel Graph Attention Network Approach for Temporal Graph Analysis,"This work introduces TempoKGAT, a graph attention network designed for analyzing dynamic temporal graph data using time-decaying weights and neighbor aggregation.",http://arxiv.org/pdf/2408.16391v1,,"['Graph Neural Networks', 'Temporal Data', 'Machine Learning', 'Predictive Modeling']",1,,0.3,[]
2024-08-29,09:50:31,,Addressing Common Misinterpretations of KART and UAT in Neural Network Literature,The note discusses common misunderstandings regarding the Kolmogorov-Arnold Representation Theorem and the Universal Approximation Theorem in neural network literature.,http://arxiv.org/pdf/2408.16389v1,,"['Neural Networks', 'Approximation Theorems', 'KART', 'UAT', 'Machine Learning']",1,,0.4,[]
2024-08-29,09:41:17,,TG-PhyNN: An Enhanced Physically-Aware Graph Neural Network framework for forecasting Spatio-Temporal Data,"This work introduces TG-PhyNN, a framework that enhances Graph Neural Networks by incorporating physical laws for improved forecasting of spatio-temporal data.",http://arxiv.org/pdf/2408.16379v1,,"['Graph Neural Networks', 'spatio-temporal data', 'forecasting', 'physics-informed', 'machine learning']",1,,0.2,[]
2024-08-29,08:47:25,,DetectBERT: Towards Full App-Level Representation Learning to Detect Android Malware,"DetectBERT enhances Android malware detection by integrating Multiple Instance Learning with a BERT-like model, improving app-level representation and adaptability to threats.",http://arxiv.org/pdf/2408.16353v1,,"['Android malware', 'machine learning', 'representation learning', 'Multiple Instance Learning']",1,,0.8,[]
2024-08-29,08:36:22,,Machine learning models for daily rainfall forecasting in Northern Tropical Africa using tropical wave predictors,This study explores machine learning models for predicting daily rainfall in Northern Tropical Africa using tropical wave predictors from satellite data.,http://arxiv.org/pdf/2408.16349v1,,"['machine learning', 'rainfall forecasting', 'tropical waves', 'AI', 'precipitation']",1,,0.7,[]
2024-08-29,08:26:00,,Toward Robust Early Detection of Alzheimer's Disease via an Integrated Multimodal Learning Approach,"This study presents a multimodal learning model for early Alzheimer's Disease detection using clinical, cognitive, neuroimaging, and EEG data.",http://arxiv.org/pdf/2408.16343v1,,"[""Alzheimer's Disease"", 'multimodal learning', 'EEG', 'MRI', 'classification']",1,,0.2,[]
2024-08-29,08:20:02,,Do Graph Neural Networks Work for High Entropy Alloys?,"The work discusses a new GNN model, LESets, for predicting properties of high-entropy alloys by representing them through local environment graphs.",http://arxiv.org/pdf/2408.16337v1,,"['Graph Neural Networks', 'High Entropy Alloys', 'Machine Learning', 'Material Science']",1,,0.2,[]
2024-08-29,08:14:20,,GL-TSVM: A robust and smooth twin support vector machine with guardian loss function,"This work introduces GL-TSVM, a robust classifier that enhances twin support vector machines by using a new guardian loss function to reduce sensitivity to outliers.",http://arxiv.org/pdf/2408.16336v1,,"['Twin Support Vector Machine', 'Guardian Loss', 'Robust Classifier', 'Machine Learning', 'Biomedical Applications']",1,,0.3,[]
2024-08-29,08:12:28,,Future targets for light gauge bosons from cosmic strings,"The study explores gauge boson production and gravitational wave emission from cosmic strings, examining their implications for dark matter and future observatories.",http://arxiv.org/pdf/2408.16334v1,,"['cosmic strings', 'dark matter', 'gravitational waves', 'gauge bosons']",1,,0.6,[]
2024-08-29,08:12:18,,Self-Improving Diffusion Models with Synthetic Data,"This work presents a novel approach to training generative models using synthetic data, aiming to overcome issues related to model autophagy and improve data quality.",http://arxiv.org/pdf/2408.16333v1,,"['AI', 'generative models', 'synthetic data', 'machine learning']",1,,0.7,[]
2024-08-29,08:08:37,,Guided Reasoning: A Non-Technical Introduction,"The presentation introduces Guided Reasoning, a multi-agent system focused on improving reasoning quality through agent interaction, described in non-technical terms.",http://arxiv.org/pdf/2408.16331v1,,"['Guided Reasoning', 'multi-agent system', 'reasoning quality']",1,,0.3,[]
2024-08-29,07:48:55,,Minimising changes to audit when updating decision trees,"The proposed algorithm updates decision trees with minimal changes for easier human auditing, balancing accuracy and auditability.",http://arxiv.org/pdf/2408.16321v1,,"['decision trees', 'machine learning', 'audit', 'algorithm']",1,,0.7,[]
2024-08-29,07:32:30,,Passenger hazard perception based on EEG signals for highly automated driving vehicles,This study investigates how EEG signals can enhance safety in autonomous vehicles by improving hazard perception through a cognitive model and neural network analysis.,http://arxiv.org/pdf/2408.16315v1,,"['autonomous vehicles', 'EEG signals', 'hazard perception', 'neural networks', 'safety']",1,,0.2,[]
2024-08-29,07:22:16,,FA-YOLO: Research On Efficient Feature Selection YOLO Improved Algorithm Based On FMDS and AGMF Modules,"This paper presents FA-YOLO, an improved object detection model utilizing FMDS and AGMF modules for enhanced feature selection and fusion, achieving better accuracy on the PASCAL VOC dataset.",http://arxiv.org/pdf/2408.16313v1,,"['object detection', 'YOLO', 'feature selection', 'dynamic feature fusion', 'machine learning']",1,,0.3,[]
2024-08-29,07:12:37,,Safe Bayesian Optimization for High-Dimensional Control Systems via Additive Gaussian Processes,"This paper presents a method for optimizing multiple controllers using safe Bayesian optimization with additive Gaussian processes, focusing on efficiency and safety in control systems.",http://arxiv.org/pdf/2408.16307v1,,"['Bayesian optimization', 'Gaussian processes', 'controller tuning', 'robotics', 'mechatronic systems']",1,,0.2,[]
2024-08-29,06:49:20,,"Physics of Language Models: Part 2.2, How to Learn From Mistakes on Grade-School Math Problems","The study explores enhancing language models' reasoning accuracy by using error-correction data during pretraining, showing improved performance on math problems.",http://arxiv.org/pdf/2408.16293v1,,"['language models', 'reasoning accuracy', 'error-correction', 'pretraining', 'synthetic dataset']",1,,0.8,[]
2024-08-29,06:48:07,,Flexible framework for generating synthetic electrocardiograms and photoplethysmograms,The work presents a model for generating synthetic ECG and PPG signals to enhance machine learning training through data augmentation and noise management.,http://arxiv.org/pdf/2408.16291v1,,"['synthetic biosignals', 'ECG', 'PPG', 'machine learning', 'data augmentation', 'LSTM']",1,,0.8,[]
2024-08-29,06:40:01,,OpenFGL: A Comprehensive Benchmarks for Federated Graph Learning,"The work presents OpenFGL, a benchmark for federated graph learning, focusing on evaluation metrics and algorithms for privacy-sensitive graph neural networks.",http://arxiv.org/pdf/2408.16288v1,,"['Federated Graph Learning', 'Graph Neural Networks', 'Benchmark', 'Privacy', 'Scalability']",1,,0.3,[]
2024-08-29,06:37:16,,Near-Optimal Policy Identification in Robust Constrained Markov Decision Processes via Epigraph Form,"This work presents an algorithm for identifying near-optimal policies in robust constrained Markov decision processes, addressing challenges in uncertain environments.",http://arxiv.org/pdf/2408.16286v1,,"['Markov Decision Processes', 'Robust Control', 'Policy Gradient', 'Algorithms']",1,,0.8,[]
2024-08-29,06:30:23,,ART: Actually Robust Training,"The paper introduces a Python library for structured deep learning model development, enhancing interpretability and robustness through validation checks.",http://arxiv.org/pdf/2408.16285v1,,"['deep learning', 'Python', 'model development', 'validation', 'reproducibility']",1,,0.6,[]
2024-08-29,06:27:42,,Enhancing Customer Churn Prediction in Telecommunications: An Adaptive Ensemble Learning Approach,"This research presents an adaptive ensemble learning framework for predicting customer churn in telecommunications, showing improved accuracy through multiple model integration.",http://arxiv.org/pdf/2408.16284v1,,"['customer churn', 'ensemble learning', 'XGBoost', 'LightGBM', 'LSTM', 'MLP', 'SVM', 'feature engineering']",1,,0.9,[]
2024-08-29,06:21:38,,Premerger phenomena in neutron-star binary coalescences,"The presentation reviews premerger events in neutron-star mergers, focusing on their implications for astrophysics and the neutron-star equation of state.",http://arxiv.org/pdf/2408.16283v1,,"['neutron-star mergers', 'gravitational waves', 'gamma-ray bursts', 'astrophysics']",1,,0.7,[]
2024-08-29,06:02:11,,Model-independent determination of the strong-phase difference between $D^0$ and $\bar{D}^0 \to π^+π^-π^+π^-$ decays,"This study measures the strong-phase difference in $D^0$ and $\bar{D}^0$ decays using quantum-correlated $D\bar{D}$ mesons, providing insights into $C\!P$ violation in $B$ meson decays.",http://arxiv.org/pdf/2408.16279v1,BESIII,"['strong-phase difference', '$D^0$ decays', '$C\\!P$ violation', 'quantum correlations']",1,,0.7,[]
2024-08-29,05:56:35,,Web Service QoS Prediction via Extended Canonical Polyadic-based Tensor Network,This work presents an Extended Canonical Polyadic-based Tensor Network model to improve web service QoS prediction by modeling user-service correlations.,http://arxiv.org/pdf/2408.16278v1,,"['Quality of Service', 'QoS prediction', 'Tensor Network', 'Machine Learning']",1,,0.2,[]
2024-08-29,05:32:03,,Beyond Uncertainty: Evidential Deep Learning for Robust Video Temporal Grounding,"The work presents a robust network module for Video Temporal Grounding that addresses uncertainty in predictions, integrating Deep Evidential Regression for improved interpretability.",http://arxiv.org/pdf/2408.16272v1,,"['Video Temporal Grounding', 'Deep Learning', 'Uncertainty Quantification', 'Cross-modal Alignment']",1,,0.2,[]
2024-08-29,05:02:52,,LoraMap: Harnessing the Power of LoRA Connections,This work explores the connections between multiple Low-Rank Adaptation (LoRA) techniques for improving fact-checking in Large Language Models.,http://arxiv.org/pdf/2408.16264v1,,"['LoRA', 'Large Language Models', 'fact-checking', 'parameter-efficient techniques']",1,,0.7,[]
2024-08-29,04:57:44,,On Convergence of Average-Reward Q-Learning in Weakly Communicating Markov Decision Processes,"The paper examines Q-learning algorithms for average-reward Markov decision processes, focusing on convergence in weakly communicating systems.",http://arxiv.org/pdf/2408.16262v1,,"['Q-learning', 'Markov decision processes', 'average-reward', 'convergence', 'reinforcement learning']",1,,0.7,[]
2024-08-29,04:46:49,,Evaluating Time-Series Training Dataset through Lens of Spectrum in Deep State Space Models,"The study evaluates time-series datasets for deep state space models, proposing a metric to estimate dataset performance early in training.",http://arxiv.org/pdf/2408.16261v1,,"['time-series', 'deep learning', 'state space models', 'dataset evaluation', 'K-spectral metric']",1,,0.7,[]
2024-08-29,04:42:52,,Six Ways to Implement Divisibility by Three in miniKanren,"The paper discusses various methods to implement divisibility by three in miniKanren, focusing on performance and optimization techniques.",http://arxiv.org/pdf/2408.16259v1,,"['miniKanren', 'divisibility', 'performance', 'optimization', 'benchmarking']",1,,0.9,[]
2024-08-29,04:36:55,,Improving stableKanren's Backward Compatibility,The work enhances stableKanren's compatibility with miniKanren by addressing issues related to non-monotonic reasoning and contradiction handling.,http://arxiv.org/pdf/2408.16257v1,,"['stableKanren', 'miniKanren', 'non-monotonic reasoning', 'contradiction handling']",1,,0.7,[]
2024-08-29,04:35:36,,Coalitions of AI-based Methods Predict 15-Year Risks of Breast Cancer Metastasis Using Real-World Clinical Data with AUC up to 0.9,"The study develops machine learning algorithms to predict breast cancer metastasis risks using clinical data, achieving high accuracy with existing data.",http://arxiv.org/pdf/2408.16256v1,,"['breast cancer', 'machine learning', 'AUC', 'prognostics', 'clinical data']",1,,0.7,[]
2024-08-29,04:34:38,,Cosmological Stasis from a Single Annihilating Particle Species: Extending Stasis Into the Thermal Domain,"This work explores how a single annihilating particle species can lead to cosmological stasis even in thermal environments, extending previous findings.",http://arxiv.org/pdf/2408.16255v1,,"['cosmology', 'stasis', 'thermal effects', 'particle species', 'annihilation']",1,,0.4,[]
2024-08-29,04:06:34,,Iterated Energy-based Flow Matching for Sampling from Boltzmann Densities,"This work presents a method for training generators from unnormalized densities, improving probabilistic modeling in high-dimensional systems.",http://arxiv.org/pdf/2408.16249v1,,"['energy-based models', 'probabilistic inference', 'normalizing flows', 'high-dimensional systems']",1,,0.7,"['iterated energy-based flow matching', 'continuous normalizing flow', 'variance-exploding paths', 'optimal transport paths']"
2024-08-29,03:58:19,,PACiM: A Sparsity-Centric Hybrid Compute-in-Memory Architecture via Probabilistic Approximation,"This paper presents a novel probabilistic approximate computation method that enhances compute-in-memory systems for deep neural networks, improving efficiency and reducing power consumption.",http://arxiv.org/pdf/2408.16246v1,,"['approximate computing', 'compute-in-memory', 'deep neural networks', 'sparsity', 'power efficiency']",1,,0.7,[]
2024-08-29,03:56:40,,Large-Scale Multi-omic Biosequence Transformers for Modeling Peptide-Nucleotide Interactions,This work introduces multi-omic nucleotide-peptide models that learn joint representations for predicting binding interactions without prior structural training.,http://arxiv.org/pdf/2408.16245v1,,"['biosequence', 'transformers', 'peptide-nucleotide', 'multi-omic', 'machine learning']",1,,0.3,[]
2024-08-29,03:21:08,,Quantum Programming Without the Quantum Physics,The work introduces a paradigm for quantum programming that simplifies the approach by using classical data and a unique random number generator for accessibility.,http://arxiv.org/pdf/2408.16234v1,,"['quantum programming', 'random number generator', 'classical data', 'negative probability']",1,,0.3,[]
2024-08-29,03:12:04,,Enhancing Conditional Image Generation with Explainable Latent Space Manipulation,"This work presents a novel method for enhancing image synthesis fidelity through latent space manipulation and selective attention mechanisms, achieving superior results in text-to-image tasks.",http://arxiv.org/pdf/2408.16232v1,,"['image synthesis', 'latent space manipulation', 'conditional prompts', 'Grad-SAM', 'text-to-image synthesis']",1,,0.8,[]
2024-08-29,03:11:55,,Anchor-Controlled Generative Adversarial Network for High-Fidelity Electromagnetic and Structurally Diverse Metasurface Design,The talk presents a novel framework for designing metasurfaces using a generative adversarial network that addresses electromagnetic response fidelity challenges.,http://arxiv.org/pdf/2408.16231v1,,"['metasurfaces', 'generative adversarial networks', 'electromagnetic response', 'design process']",1,,0.7,[]
2024-08-29,03:07:44,,Upgrading the existing Haloscope-type detector for sensitive axion detection,The presentation discusses an upgrade to Haloscope-type detectors to enhance axion detection sensitivity using a transverse rf modulated magnetic field.,http://arxiv.org/pdf/2408.16229v1,,"['Haloscope', 'axion detection', 'magnetic field', 'sensitivity enhancement']",1,,0.4,[]
2024-08-29,03:03:35,,Policy Adaptation via Language Optimization: Decomposing Tasks for Few-Shot Imitation,"The method PALO enables robots to adapt to unseen tasks using few demonstrations and language decompositions, outperforming existing policies.",http://arxiv.org/pdf/2408.16228v1,,"['robotics', 'language optimization', 'task adaptation', 'vision-language models', 'few-shot learning']",1,,0.7,[]
2024-08-29,02:43:20,,LLaVA-SG: Leveraging Scene Graphs as Visual Semantic Expression in Vision-Language Models,This work enhances vision-language models by introducing a Scene Graph Expression module to improve visual understanding and semantic detail preservation.,http://arxiv.org/pdf/2408.16224v1,,"['vision-language models', 'semantic information', 'Scene Graph Expression', 'Vision Transformer']",1,,0.2,[]
2024-08-29,02:35:53,,SSDM: Scalable Speech Dysfluency Modeling,"This work presents SSDM, a system for modeling speech dysfluency that addresses scalability and alignment challenges using large language models and a new corpus.",http://arxiv.org/pdf/2408.16221v1,,"['Speech Dysfluency', 'Machine Learning', 'Large Language Models', 'Forced Alignment', 'Corpus Development']",1,,0.2,[]
2024-08-29,02:21:11,,Targeted Cause Discovery with Data-Driven Learning,"A machine learning method is proposed for identifying causal variables and relationships within systems, validated on gene regulatory networks.",http://arxiv.org/pdf/2408.16218v1,,"['machine learning', 'causal discovery', 'gene regulatory networks', 'neural networks']",2,,0.6,[]
2024-08-29,02:18:28,,Adversarial Network Optimization under Bandit Feedback: Maximizing Utility in Non-Stationary Multi-Hop Networks,"The work presents a novel algorithm for optimizing scheduling in non-stationary multi-hop networks using bandit feedback, addressing challenges in stochastic network optimization.",http://arxiv.org/pdf/2408.16215v1,,"['network optimization', 'bandit feedback', 'online learning', 'Lyapunov analysis', 'multi-hop networks']",1,,0.7,[]
2024-08-29,02:12:58,,M4CXR: Exploring Multi-task Potentials of Multi-modal Large Language Models for Chest X-ray Interpretation,"This work presents M4CXR, a multi-modal large language model for improving chest X-ray interpretation through various clinical tasks.",http://arxiv.org/pdf/2408.16213v1,,"['artificial intelligence', 'large language models', 'chest X-ray', 'medical report generation', 'visual grounding', 'visual question answering']",1,,0.8,[]
2024-08-29,02:09:19,,The Application of Machine Learning in Tidal Evolution Simulation of Star-Planet Systems,"The study employs machine learning to enhance the simulation of star-planet systems, significantly improving computational efficiency and accuracy in predicting evolutionary curves.",http://arxiv.org/pdf/2408.16212v1,,"['Machine Learning', 'Evolutionary Curves', 'Star-Planet Systems', 'Neural Networks', 'Computational Efficiency']",1,,0.7,[]
2024-08-29,02:03:05,,ReXamine-Global: A Framework for Uncovering Inconsistencies in Radiology Report Generation Metrics,"The framework assesses generative AI metrics for radiology reports, focusing on generalization across various hospitals and reporting styles.",http://arxiv.org/pdf/2408.16208v1,,"['generative AI', 'radiology', 'report metrics', 'evaluation framework']",1,,0.8,[]
2024-08-29,01:50:13,,Revisit Micro-batch Clipping: Adaptive Data Pruning via Gradient Manipulation,"This work investigates micro-batch clipping, a gradient clipping method, and its impact on model convergence in auto-speech recognition and other domains.",http://arxiv.org/pdf/2408.16204v1,,"['micro-batch clipping', 'gradient manipulation', 'data pruning', 'model convergence', 'auto-speech recognition']",1,,0.3,[]
2024-08-29,01:47:09,,Short-Term Electricity-Load Forecasting by Deep Learning: A Comprehensive Survey,"The paper surveys the use of deep learning for short-term electricity load forecasting, highlighting modeling techniques and future research challenges.",http://arxiv.org/pdf/2408.16202v1,,"['electricity forecasting', 'deep learning', 'load prediction', 'data processing', 'feature extraction']",1,,0.2,[]
2024-08-29,01:46:37,,Uni-3DAD: GAN-Inversion Aided Universal 3D Anomaly Detection on Model-free Products,"The work presents a unified framework for detecting anomalies in 3D point clouds of model-free products, addressing challenges in identifying geometric defects and missing regions.",http://arxiv.org/pdf/2408.16201v1,,"['anomaly detection', '3D point clouds', 'machine learning', 'feature-based detection', 'reconstruction-based detection']",1,,0.7,[]
2024-08-29,01:42:38,,PolarBEVDet: Exploring Polar Representation for Multi-View 3D Object Detection in Bird's-Eye-View,"The paper proposes a novel polar representation for multi-view 3D object detection, enhancing feature extraction for autonomous driving applications.",http://arxiv.org/pdf/2408.16200v1,,"['multi-view', '3D object detection', ""Bird's-Eye-View"", 'polar representation', 'autonomous driving']",1,,0.8,[]
2024-08-29,01:09:30,,Variational Mode-Driven Graph Convolutional Network for Spatiotemporal Traffic Forecasting,The paper presents a framework for traffic prediction using graph neural networks and variational mode decomposition for improved forecasting accuracy.,http://arxiv.org/pdf/2408.16191v1,,"['graph neural networks', 'spatio-temporal prediction', 'traffic forecasting', 'variational mode decomposition']",1,,0.6,[]
2024-08-29,01:02:40,,A More Unified Theory of Transfer Learning,"The work explores moduli of continuity in transfer learning, linking source and target risk in regression and classification contexts.",http://arxiv.org/pdf/2408.16189v1,,"['transfer learning', 'moduli of continuity', 'relatedness measures', 'adaptivity', 'machine learning']",2,,0.6,[]
2024-08-29,00:53:21,,Real-Time Energy Pricing in New Zealand: An Evolving Stream Analysis,"The paper presents novel datasets for real-time energy price forecasting in New Zealand, exploring preprocessing, regression tasks, and anomaly detection.",http://arxiv.org/pdf/2408.16187v1,,"['real-time data', 'energy prices', 'streaming regression', 'forecasting', 'anomaly detection']",1,,0.2,[]
2024-08-29,00:50:35,,Single-Loop Deterministic and Stochastic Interior-Point Algorithms for Nonlinearly Constrained Optimization,"The framework proposes a single-loop interior-point algorithm for nonlinear constrained optimization, focusing on stochastic-gradient methods and convergence guarantees.",http://arxiv.org/pdf/2408.16186v1,,"['interior-point algorithms', 'nonlinear optimization', 'stochastic-gradient methods', 'convergence guarantees']",1,,0.8,[]
2024-08-29,00:45:38,,Development and Implementation of Advanced Beam Diagnostic and Abort Systems in SuperKEKB,"The talk discusses the development of advanced beam diagnostics and abort systems to address Sudden Beam Loss events at SuperKEKB, aiming to enhance operational stability.",http://arxiv.org/pdf/2408.16184v1,SuperKEKB,"['beam diagnostics', 'abort systems', 'SuperKEKB', 'luminosity', 'Sudden Beam Loss']",1,,0.7,[]
2024-08-29,00:36:34,,A Minibatch-SGD-Based Learning Meta-Policy for Inventory Systems with Myopic Optimal Policy,"This work proposes a minibatch-SGD-based meta-policy to tackle infeasible target inventory levels in complex inventory systems, demonstrating its flexibility and efficiency.",http://arxiv.org/pdf/2408.16181v1,,"['minibatch-SGD', 'meta-policy', 'inventory systems', 'regret bound', 'numerical experiments']",1,,0.9,[]
2024-08-29,00:15:08,,Li$_2$MnCl$_4$ single crystal: new candidate for red-emitting neutron scintillator,"Li$_2$MnCl$_4$ is studied as a red-emitting scintillator for thermal neutron detection, focusing on its luminescence mechanisms and doping effects.",http://arxiv.org/pdf/2408.16178v1,,"['scintillator', 'thermal neutron detection', 'luminescence', 'doping', 'energy transfer']",1,,0.7,[]
