Date,Time,Room,Title,Summary,Experiment,Keywords,Interest,Type
2024-03-13,11:50:00 AM,Lecture Hall 1,Rational-function interpolation from p-adic evaluations in scattering amplitude calculations,"This talk discusses new techniques using p-adic numbers for interpolating rational functions in multi-loop scattering amplitude calculations, achieving significant efficiency improvements.",,"['p-adic numbers', 'scattering amplitudes', 'interpolation', 'multi-loop calculations', 'computer algebra']",1,Oral
2024-03-13,12:15:00 PM,,Ahead-of-time (AOT) compilation of Tensorflow models for deployment,The talk presents a novel inference approach using Ahead-of-time (AOT) compilation for TensorFlow models to reduce memory footprint and improve computational performance in CMS workflows.,CMS,"['Machine Learning', 'TensorFlow', 'Ahead-of-time Compilation', 'High-Energy Physics', 'Data Analysis']",3,Poster
,,Lecture Hall 1,Generalized Parton Distribution Functions via Quantum Computing,"This talk explores quantum simulation algorithms for quantum field theories, specifically focusing on generalized parton distribution functions for hadrons using a light-front formulation.",,"['quantum computing', 'parton distribution functions', 'QCD', 'light-front formulation', 'quark-diquark model']",1,Oral
2024-03-13,01:30:00 PM,Theatre,Optimizing the ATLAS Geant4 detector simulation,"The ATLAS experiment's Geant4 detector simulation improvements for Run 3, including Woodcock tracking and various optimizations, resulting in a significant increase in throughput.",ATLAS,"['Geant4', 'detector simulation', 'optimization', 'computing resources']",2,Oral
2024-03-14,12:10:00 PM,,Is Quantum Computing energy efficient? An Investigation on a quantum annealer.,The study compares energy efficiency between classical HPC technologies and the D-Wave Advantage quantum annealer using benchmark activities.,,"['quantum computing', 'energy efficiency', 'HPC', 'quantum annealer']",1,Poster
2024-03-13,10:50:00 AM,Lecture Hall 1,A fresh look at the nested soft-collinear subtraction scheme: NNLO QCD corrections to N-gluon final states in quark-anti-quark annihilation,"Utilizes the nested soft-collinear subtraction scheme to compute NNLO QCD corrections for quark-anti-quark annihilation into multiple gluon jets, showcasing the cancellation of singularities.",,"['NNLO QCD', 'gluon jets', 'infrared subtraction', 'quark-anti-quark annihilation']",1,Oral
2024-03-12,08:30:00 AM,Lecture Hall 1,Fast and Precise Amplitude Surrogates with Bayesian and Symmetry Preserving Networks,"A deep learning framework using permutation invariance and Lorentz equivariance to predict amplitudes from phase space points, incorporating Bayesian networks for uncertainty optimization.",,"['deep learning', 'permutation invariance', 'Lorentz equivariance', 'Bayesian networks', 'QCD jets']",2,Oral
2024-03-14,12:50:00 PM,Theatre,FASER Tracking and Emulsion Station Alignment,"Presentation on the alignment of FASER's tracking and emulsion stations using 2022 collision data, including the tracking spectrometer and InterFace Tracker (IFT).",FASER,"['FASER', 'tracker alignment', 'emulsion detector', 'Run3', 'LHC']",1,Oral
2024-03-13,01:50:00 PM,Theatre,"""Accelerating Particle Physics Simulations with Machine Learning using Normalizing Flows and Flow Matching""","Using Normalizing Flows and Flow Matching to accelerate simulations of high-energy physics collision events, achieving faster and accurate predictions compared to traditional methods.",,"['Machine Learning', 'Simulations', 'Normalizing Flows', 'Flow Matching', 'High-Energy Physics']",3,Oral
2024-03-11,11:30:00 AM,Lecture Hall 1,Real-time error mitigation for variational optimization on quantum hardware,"Real-time error mitigation for quantum variational models using Importance Clifford Sampling to manage noise in gradient-based optimization, with applications to training noisy quantum circuits.",,"['quantum computing', 'error mitigation', 'variational optimization', 'Importance Clifford Sampling']",1,Oral
2024-03-11,11:10:00 AM,Lecture Hall 1,QUnfold: Quantum Annealing for Distributions Unfolding in High-Energy Physics,"This work introduces QUnfold, a Python module for unfolding distorted distributions in HEP using quantum annealing, validated on simulated LHC data.",LHC,"['Unfolding', 'Quantum Annealing', 'Python', 'High-Energy Physics', 'Detector Simulation']",1,Oral
2024-03-11,10:50:00 AM,Lecture Hall 1,quantum GAN for fast shower simulation,"This study explores the use of quantum GANs for fast shower simulation in high-energy physics, focusing on downsampled calorimeter shower shapes and performance on quantum hardware.",ATLAS,"['quantum computing', 'GAN', 'fast simulation', 'calorimeter', 'shower shapes']",1,Oral
2024-03-11,10:30:00 AM,Lecture Hall 1,Quantum simulation with just-in-time compilation,"Explores just-in-time compilation for quantum simulation on CPUs and GPUs, introducing the 	exttt{qibojit} module for the 	exttt{Qibo} framework, and benchmarking its performance.",,"['quantum simulation', 'JIT compilation', 'Qibo', 'quantum computing', 'tensor networks', 'performance benchmarks']",1,Oral
2024-03-11,01:30:00 PM,Lecture Hall 1,Towards an open-source hybrid quantum operating system,"Presentation of Qibo, an open-source framework for quantum computing, including Qibolab and Qibocal libraries for executing and calibrating quantum hardware.",,"['quantum computing', 'Qibo', 'Qibolab', 'Qibocal', 'NISQ devices']",1,Oral
2024-03-11,01:10:00 PM,Lecture Hall 1,Quantum-centric Supercomputing for Physics Research,The talk discusses the integration of quantum computational devices with high-performance computing resources to solve intractable problems in physics research.,,"['quantum computing', 'high performance computing', 'QCSC', 'theoretical physics', 'experimental physics']",1,Oral
2024-03-11,12:50:00 PM,Lecture Hall 1,Advancing Image Classification using Intel SDK: Integrating NAQSS Encoding with Hybrid Quantum-Classical PQC Models,The work explores using Normal Arbitrary Quantum Superposition State (NAQSS) for encoding images into quantum circuits and improving classification accuracy with hybrid quantum-classical models.,,"['Quantum Computing', 'Image Classification', 'Quantum Machine Learning', 'Intel Quantum SDK']",1,Oral
2024-03-12,07:50:00 AM,,Modern Machine Learning Tools for Unfolding,"Modern machine learning tools are used to perform high-dimensional, unbinned unfolding of LHC data with methods such as event reweighting and direct mapping, accounting for correlations.",LHC,"['machine learning', 'unfolding', 'LHC data', 'event reweighting', 'high-dimensional methods']",3,Oral
2024-03-14,12:10:00 PM,,Implementation of zero trust security strategy in HEPS scientific computing system,Discusses designing a zero-trust security strategy for the HEPS scientific computing system to manage service permissions and improve cybersecurity.,,"['Zero Trust', 'Security', 'HEPS', 'Intranet', 'Computing Services']",1,Poster
2024-03-14,12:10:00 PM,,Using Legacy ATLAS C++ Calibration Tools in Modern Columnar Analysis Environments,Efforts to adapt legacy ATLAS C++ calibration tools for use in modern columnar analysis environments like Python/Awkward and RDataFrame.,ATLAS,"['ATLAS', 'C++', 'columnar analysis', 'Python', 'RDataFrame', 'calibration tools']",3,Poster
2024-03-14,12:10:00 PM,,Design and Implementation of a Container-based Public Service Cloud Platform for HEPS,"Study on developing a container-based cloud platform for High Energy Photon Source using Kubernetes to enhance resource utilization and system scalability, incorporating CICD for efficiency.",,"['container-based cloud', 'Kubernetes', 'CICD', 'HEPS', 'synchrotron radiation']",1,Poster
2024-03-13,12:15:00 PM,,Supervised job preemption methodology for controlled memory consumption of jobs running in the ALICE Grid,The paper discusses a methodology for controlled memory consumption in the ALICE Grid by implementing targeted job preemption to prevent overconsumption and promote job completion.,ALICE,"['Grid resources', 'memory allocation', 'multi-core tasks', 'resource management', 'job preemption']",1,Poster
2024-03-11,11:50:00 AM,Theatre,"Low Latency, High Bandwidth Streaming of Experimental Data with EJFAT","JLab and ESnet developed EJFAT, an FPGA-accelerated architecture for low latency, high throughput data streaming and dynamic load balancing.",,"['FPGA', 'data streaming', 'load balancing', 'JLab', 'ESnet', 'LBNL']",2,Oral
2024-03-11,11:30:00 AM,Theatre,CLAS12 remote data-stream processing using ERSAP framework,The abstract discusses integrating the JLAB CLAS12 event reconstruction application within the ERSAP data-stream processing framework to improve data processing workflows and quality assurance.,,"['data-stream processing', 'ERSAP', 'CLAS12', 'remote data processing', 'event reconstruction']",2,Oral
2024-03-11,11:10:00 AM,Theatre,HEP Benchmark Suite: Enhancing Efficiency and Sustainability in Worldwide LHC Computing Infrastructures,"This paper introduces the HEP Benchmark suite for measuring computing resource performance across WLCG sites, focusing on efficiency, power consumption, and anomaly detection.",,"['HEP Benchmark suite', 'WLCG', 'performance metrics', 'power consumption', 'compute resource utilization']",2,Oral
2024-03-11,10:50:00 AM,Theatre,A Function-As-Task Workflow Management Approach with PanDA and iDDS,"Overview of the PanDA and iDDS platform for automating multi-step data processing workflows, focusing on python-based user interfaces and distributed task scheduling.",ATLAS,"['Distributed Computing', 'Workflow Management', 'Python', 'Machine Learning']",3,Oral
2024-03-11,10:30:00 AM,Theatre,JUNO raw data management system,"Description of JUNO's raw data management system for distributed storage, data registration, replication, archiving, and reconstruction.",JUNO,"['Neutrino Physics', 'Data Management', 'Distributed Computing']",1,Oral
2024-03-13,01:10:00 PM,Theatre,CaloDiT: Diffusion with transformers for fast shower simulation,Combines diffusion models with transformer architecture for improved generalization in calorimeter shower simulations.,,"['transformers', 'diffusion models', 'calorimeter showers', 'deep learning']",2,Oral
2024-03-13,12:50:00 PM,Theatre,Towards a Simplified (Fast) Simulation Infrastructure in ATLAS,"The talk discusses the integration of FastCaloSimV2 into Geant4 to improve the simulation infrastructure of the ATLAS experiment, aiming to simplify and streamline the process.",ATLAS,"['Fast Simulation', 'Geant4', 'ISF', 'ATLAS', 'FastCaloSimV2']",2,Oral
2024-03-14,11:50:00 AM,Theatre,Effective denoising diffusion probabilistic models for fast and high fidelity whole-event simulation in high-energy heavy-ion experiment,Investigation of denoising diffusion probabilistic models (DDPM) for high-fidelity event simulation in high-energy heavy-ion experiments compared to GANs.,sPHENIX,"['AI generative models', 'DDPM', 'GANs', 'heavy-ion experiments', 'simulation']",2,Oral
2024-03-14,11:30:00 AM,Theatre,Deep learning methods for noise filtering in the NA61/SHINE experiment.,"The talk discusses using deep learning methods (DNN, CNN) for noise filtering in NA61/SHINE experiment's upgraded TPCs, highlighting model integration and performance metrics.",NA61/SHINE,"['deep learning', 'noise filtering', 'TPC', 'machine learning', 'C++', 'TensorFlow', 'Docker']",2,Oral
2024-03-14,01:50:00 PM,Theatre,First experiences with the LHCb heterogeneous software trigger,"Overview of LHCb's software trigger using GPUs and CPUs, discussing online alignment, calibration, and real-time analysis challenges from 2022-2023.",LHCb,"['LHCb', 'software trigger', 'GPUs', 'CPUs', 'real-time analysis', 'heterogeneous architecture']",1,Oral
2024-03-14,01:30:00 PM,Theatre,Phase-2  Upgrade of the ATLAS L1 Central Trigger,"Overview of the upgraded ATLAS L1 Central Trigger system for Phase 2 LHC, including new custom electronics, firmware, and the introduction of delayed triggers.",ATLAS,"['ATLAS', 'trigger system', 'Phase 2 upgrade', 'custom electronics', 'FPGA', 'SoC']",1,Oral
2024-03-12,08:50:00 AM,Theatre,Fair Universe: HiggsML Uncertainty Challenge,The Fair Universe project is creating an AI ecosystem for HEP to minimize systematic uncertainties and predict confidence intervals using large datasets and advanced analysis techniques.,,"['AI', 'systematic uncertainties', 'confidence intervals', 'Higgs decay', 'tau leptons', 'Codabench', 'NERSC', 'Perlmutter']",3,Oral
2024-03-14,12:10:00 PM,,The performance profiling of ptycho-W1Net AI algorithm on DCU and HUAWEI NPU 910,"The presentation discusses the profiling and performance of the W1-Net AI algorithm implemented on DCU and HUAWEI NPU 910 clusters, highlighting improvements and challenges compared to Nvidia GPUs.",,"['AI', 'performance profiling', 'DCU', 'HUAWEI NPU', 'Nvidia GPU']",1,Poster
2024-03-14,12:10:00 PM,,Scaling the SciDAC QuantOM Workflow,The QuantOM project analyzes DIS data from Jefferson Lab and the Electron Ion Collider using ML algorithms on HPC systems to optimize theory-experiment fits.,,"['SciDAC', 'Quantum Chromodynamics', 'DIS', 'HPC', 'ML']",1,Poster
2024-03-14,12:10:00 PM,,Monitoring the OSDF - Open Science Data Federation,"The OSDF enhances data distribution with new origins, caches, access methods, and monitoring tools, forming a key part of U.S. cyberinfrastructure.",,"['data distribution', 'monitoring', 'cyberinfrastructure', 'OSDF', 'StashCache']",2,Poster
2024-03-14,12:10:00 PM,,AI-driven HPC Workflows Execution with Adaptivity and Asynchronicity in Mind,Investigation into adaptive and asynchronous execution of heterogeneous tasks in scientific workflows using AI-driven middleware for improved resource utilization and reduced costs.,,"['AI', 'HPC', 'adaptive execution', 'asynchronous execution', 'middleware']",3,Poster
2024-03-14,12:10:00 PM,,Study of columnar data analysis methods to complete an ATLAS analysis,"Testing the applicability and user-friendliness of columnar data analysis tools, including ServiceX and Coffea, in completing a full Run-2 ATLAS analysis and discussing workflow adaptation challenges.",ATLAS,"['columnar data analysis', 'ServiceX', 'Coffea', 'HL-LHC', 'ATLAS analysis', 'supercomputer']",3,Poster
2024-03-14,12:10:00 PM,,Acceleration of the ML based fast simulation in high energy physics,"Study on improving the speed and quality of ML-based fast event and detector simulation using diffusion models, focusing on efficient samplers, schedulers, and training techniques.",,"['ML', 'fast simulation', 'diffusion model', 'high energy physics', 'CaloChallenge', 'JetNet']",3,Poster
2024-03-14,12:10:00 PM,,Portable acceleration of CMS computing workflow with coprocessors as a service,"Discusses using coprocessors to accelerate CMS data processing workflows, specifically offloading ML inference tasks to GPUs, with results from experiments at Google Cloud and Purdue Tier-2.",CMS,"['CMS', 'coprocessors', 'ML', 'GPU', 'data processing', 'workflow', 'SONIC']",3,Poster
2024-03-14,12:10:00 PM,,Celeritas: evaluating performance of HEP detector simulation on GPUs,"Celeritas is a Monte Carlo detector simulation library optimized for heterogeneous computing facilities, supporting CPUs and GPUs, and offering significant speedup for HL-LHC simulations.",ATLAS,"['Monte Carlo simulation', 'detector simulation', 'GPUs', 'performance optimization']",1,Poster
2024-03-14,12:10:00 PM,,Performance of the Gaussino CaloChallenge-compatible infrastucture for ML-based fast simulation in the LHCb Experiment,"Presentation of a new Gaussino component for integrating ML-based fast simulation in LHCb, supporting PyTorch and ONNXRuntime, and showcasing its application in CaloChallenge models and LHCb electromagnetic showers.",LHCb,"['fast simulation', 'machine learning', 'Gaussino', 'Geant4', 'PyTorch', 'ONNXRuntime', 'CaloChallenge', 'VAE']",3,Poster
2024-03-14,12:10:00 PM,,"columnflow: Fully automated analysis through flow of columns over arbitrary, distributed resources",Toolkit for columnar HEP analysis automating analysis workflows over distributed resources using Python and various libraries.,,"['columnar analysis', 'distributed computing', 'Python', 'ROOT', 'machine learning']",3,Poster
2024-03-14,12:10:00 PM,,Porting and optimizing the performance of LArTPC Detector Simulations with C++ standard parallelism,Explores the use of C++ standard parallelism for performance optimization in Liquid Argon Time Projection Chamber simulations within the HEP-CCE project.,,"['C++', 'parallelism', 'LArTPC', 'HEP-CCE', 'GPU']",1,Poster
2024-03-14,12:10:00 PM,,A Microbenchmark Framework for Performance Evaluation of OpenMP Target Offloading,Framework using Catch2 for evaluating OpenMP target offloading performance via micro-benchmarks on supercomputers like Perlmutter and Frontier.,,"['OpenMP', 'performance evaluation', 'micro-benchmarks', 'supercomputers', 'compilers']",1,Poster
2024-03-14,12:10:00 PM,,"Easy columnar file conversions with ""odapt""","A Python package 'odapt' simplifies the conversion of columnar data file formats, offers automatic memory management, compression, and supports merging and editing ROOT files using h5py, Uproot, Awkward, and dask-awkward.",,"['Python', 'columnar data', 'file conversion', 'ROOT', 'h5py', 'Uproot', 'Awkward', 'dask-awkward']",3,Poster
2024-03-13,12:15:00 PM,,"HPC, HTC and Cloud: converging toward a seamless computing federation with interLink","The interLink project integrates HPC, HTC, and Cloud computing for Digital Twin applications using Kubernetes APIs to enable transparent offloading across heterogeneous providers.",,"['HPC', 'HTC', 'Cloud Computing', 'Kubernetes', 'Digital Twins', 'Distributed Computing']",2,Poster
2024-03-13,12:15:00 PM,,RTDP: Streaming Readout Real-Time Development and Testing Platform,"JLab is developing the RTDP for streaming readout systems, integrating AI/ML, HTC, and heterogeneous computing to facilitate data processing and analysis.",,"['Streaming Readout', 'AI/ML', 'High Throughput Computing', 'Heterogeneous Computing']",2,Poster
2024-03-13,12:15:00 PM,,Hydra: Computer Vision for Data Quality Monitoring,"Hydra is a framework for training and deploying machine learning models for near real-time data quality monitoring, featuring web interfaces for dataset labeling and interpretability via gradCAM.",GlueX,"['Machine Learning', 'Data Quality Monitoring', 'Computer Vision', 'gradCAM', 'Jefferson Laboratory']",2,Poster
2024-03-13,12:15:00 PM,,Scalable GNN Training for Track Finding,"Graph Neural Networks are explored for particle track-finding in HEP, focusing on scalable training using distributed data parallelism on multi-GPUs and reporting preliminary results with TrackML dataset.",,"['Graph Neural Networks', 'Track Finding', 'Distributed Computing', 'Multi-GPU', 'TrackML']",2,Poster
2024-03-13,12:15:00 PM,,Awkward Family: expanding functionality through interrelated Python packages,"The talk discusses leveraging Python's packaging infrastructures to separate stable from experimental components in Uproot and Awkward Array, and introduces new related packages.",,"['Python', 'Uproot', 'Awkward Array', 'distributed computing', 'DataFrame', 'package management']",3,Poster
2024-03-13,12:15:00 PM,,Optimal XCache deployment for the CMS experiment in Spain,Study on optimizing data cache solutions for CMS experiment in Spain to enhance remote data access and resource utilization using CDN techniques.,CMS,"['data cache', 'CDN', 'computational infrastructure', 'CMS', 'LHC Computing Grid']",2,Poster
2024-03-13,12:15:00 PM,,Paving the Way for HPC: An XRootD-Based Approach for Efficiency and Workflow Optimizations for HEP Jobs on HPC Centers,Discusses the challenges and solutions for optimizing HEP workflows on HPC centers using an XRootD/XCache-based approach.,,"['HPC', 'XRootD', 'XCache', 'HEP workflows', 'compute optimization']",2,Poster
2024-03-13,12:15:00 PM,,Optimizing Resource Provisioning Across Diverse Computing Facilities with Virtual Kubelet Integration,The talk discusses optimizing resource provisioning across diverse computing facilities using Virtual Kubelet within the Kubernetes framework for improved flexibility and resource utilization.,,"['Resource Provisioning', 'Kubernetes', 'Virtual Kubelet', 'Distributed Computing']",2,Poster
2024-03-13,12:15:00 PM,,"The Good, The Bad, and the Ugly: A Tale of Physics, Software, and ML",Modernization of a neural network to discriminate long lived particles from background at the LHC's ATLAS experiment using advanced software techniques.,ATLAS,"['Long Lived Particles', 'Machine Learning', 'Neural Network', 'Adversary', 'Software Modernization']",3,Poster
2024-03-13,12:15:00 PM,,Lamarr: implementing a flash-simulation paradigm at LHCb,Lamarr is a new framework at LHCb using parametric functions and deep generative models to reduce computational cost in detector simulation by two orders of magnitude.,LHCb,"['fast simulation', 'machine learning', 'deep generative models', 'detector response', 'computational cost']",3,Poster
2024-03-13,12:15:00 PM,,Retrieval Augmented Generation for Particle Physics: A Case Study with the Snowmass White Papers and Reports,Explores using LLMs and Retrieval Augmented Generation to query and access information from the Snowmass reports corpus.,,"['LLMs', 'Retrieval Augmented Generation', 'Snowmass reports', 'document retrieval']",1,Poster
2024-03-13,12:15:00 PM,,"ServiceX, the novel data delivery system, for physics analysis","ServiceX leverages modern software for effective data extraction and delivery, crucial for High-Luminosity LHC. It uses Kubernetes and a new python client library with REST API for physics analysis.",,"['ServiceX', 'data extraction', 'python', 'Kubernetes', 'REST API', 'High-Luminosity LHC']",3,Poster
2024-03-13,12:15:00 PM,,LHC beam monitoring via real-time hit reconstruction in the LHCb VELO pixel detector,"Real-time hit reconstruction in the LHCb VELO pixel detector via cluster-finding embedded in readout board firmware, enabling precision monitoring and diagnostics of LHC beam conditions.",LHCb,"['real-time processing', 'hit reconstruction', 'VELO pixel detector', 'DAQ bandwidth', 'HLT computing resources', 'beam monitoring', 'luminosity measurement']",1,Poster
2024-03-13,12:15:00 PM,,Declarative paradigms for analysis description and implementation,"The talk discusses the adoption of declarative paradigms for analysis description to enhance processing speed, portability, and preservation in HEP experiments.",,"['declarative paradigms', 'data analysis', 'Python', 'CMS', 'analysis preservation']",3,Poster
2024-03-13,12:15:00 PM,,Quasi interactive analysis of High Energy Physics big data with high throughput,"This talk discusses porting multiple HEP data analysis applications to an interactive high-throughput platform using ROOT RDataFrame and distributed computing technologies like Jupyter, Dask, and HTCondor.",,"['interactive analysis', 'big data', 'ROOT RDataFrame', 'distributed computing', 'Jupyter', 'Dask', 'HTCondor']",3,Poster
2024-03-13,12:15:00 PM,,Preservation of the Direct Photons and Neutral Pions Analysis in the PHENIX Experiment at RHIC,"The PHENIX Collaboration discusses their Data and Analysis Preservation program, focusing on a complex analysis of direct photons and neutral pions in d+Au collisions using REANA.",PHENIX,"['Data Preservation', 'Analysis Techniques', 'REANA', 'PHENIX', 'd+Au Collisions']",3,Poster
2024-03-13,12:15:00 PM,,"AdaptivePerf: a portable, low-overhead, and comprehensive code profiler for single- and multi-threaded applications","AdaptivePerf is an open-source, low-overhead profiling tool for analyzing single- and multi-threaded applications, improving on Linux perf by offering extensive and user-friendly profiling features.",,"['profiling', 'performance', 'multi-threading', 'open-source', 'Linux perf']",2,Poster
2024-03-11,12:15:00 PM,,Generative Modeling for Fast Shower Simulation,This work presents deep generative models for simulating calorimeter shower events using various neural network architectures and distributed computing strategies.,,"['deep generative models', 'calorimeter shower simulation', 'neural networks', 'distributed computing']",3,Poster
2024-03-11,12:15:00 PM,,Enabling Computing Resources to Support Grid Jobs and Cluster Jobs Simultaneously,IHEP's computing platform integrates grid and local cluster resources to handle international and local experiment jobs using container technology and dynamic scheduling.,"ATLAS, CMS, LHCb, BELLEII, JUNO, BES, LHAASO","['Grid Computing', 'Cluster Computing', 'Resource Optimization', 'Container Technology']",2,Poster
2024-03-11,12:15:00 PM,,The Workflow Management System for Data Processing towards Photon Sources,"This project designs a graphical management system for data processing in photon source experiments, addressing high-throughput data and flexible experimental methodologies.",,"['workflow management', 'data processing', 'photon source', 'beam-line experiments']",1,Poster
2024-03-11,12:15:00 PM,,Deployment of ATLAS Calorimeter Fast Simulation Training Through Container Technology,"This work introduces FastCaloGANtainer, a containerized version of a fast simulation tool for the ATLAS calorimeter, aimed at reducing computational demands by using ML techniques and HPC clusters.",ATLAS,"['Fast Simulation', 'Machine Learning', 'Container Technology', 'High Performance Computing', 'Calorimeter', 'ATLAS']",2,Poster
2024-03-11,12:15:00 PM,,The ATLAS Web Run Control system,"The ATLAS Web Run Control system (WebRC) provides a web-based interface for monitoring and controlling ATLAS data taking, replacing the previous Igui system.",ATLAS,"['ATLAS', 'Web Application', 'Run Control', 'DAQ', 'Remote Operations']",1,Poster
2024-03-11,12:15:00 PM,,Energy consumption characterization of Subnuclear Physics computing workloads,This work characterizes the energy consumption of subnuclear physics computing workloads and offers insights for reducing their environmental footprint.,,"['energy consumption', 'subnuclear physics', 'computing workloads', 'environmental footprint']",1,Poster
2024-03-11,12:15:00 PM,,Offline data processing in the First JUNO Data Challenge,"This presentation discusses the offline data processing for the first Jiangmen Underground Neutrino Observatory (JUNO) Data Challenge, including data quality monitoring, reconstruction, and conditions database testing.",JUNO,"['Neutrino Physics', 'Data Processing', 'Reconstruction', 'Distributed Computing']",1,Poster
2024-03-11,12:15:00 PM,,Boosting CPU Efficiency in ATLAS Inner Detector Reconstruction with Track Overlay,Enhancing CPU efficiency in ATLAS inner detector reconstruction using track overlay and ML-based decision processes to manage pileup and hard-scatter tracks.,ATLAS,"['CPU efficiency', 'track overlay', 'machine learning', 'inner detector reconstruction', 'HL-LHC']",2,Poster
2024-03-11,12:15:00 PM,,Describe Data to get Science-Data-Ready Tooling: Awkward as a Target for Kaitai Struct YAML,The talk introduces the Awkward Target for Kaitai Struct Compiler and demonstrates converting custom data formats to Awkward Arrays using the Kaitai Struct Awkward Runtime API.,,"['Awkward Arrays', 'Kaitai Struct', 'Data Formats', 'Python', 'Scikit-HEP']",2,Poster
2024-03-11,12:15:00 PM,,AtlFast3: Fast Simulation in ATLAS for LHC Run 3 and beyond,"The talk discusses the improved AtlFast3 tool for fast simulation in ATLAS, utilizing parametric and machine learning methods to enhance MC event simulation for LHC Run 3.",ATLAS,"['fast simulation', 'ATLAS', 'MC events', 'machine learning', 'Generative Adversarial Networks']",2,Poster
2024-03-11,12:15:00 PM,,FATRAS integration for ATLAS fast simulation at HL-LHC,"Integration of FATRAS for fast simulation in ATLAS, focusing on improved modeling, efficiency, and multithread-compatibility for HL-LHC.",ATLAS,"['fast simulation', 'FATRAS', 'HL-LHC', 'ACTS-FATRAS', 'computing resources']",2,Poster
2024-03-11,12:15:00 PM,,"Athena MPI: A Multi-Node Version of ATLAS's Athena Framework, Using Message Passing Interface","This presentation discusses enabling ATLAS's Athena framework to run over multiple nodes using MPI, aiming to handle the increased data from the High Luminosity LHC.",ATLAS,"['ATLAS', 'Athena framework', 'MPI', 'High Performance Computing']",2,Poster
2024-03-11,12:15:00 PM,,interTwin - an Interdisciplinary Digital Twin Engine for Science,"The interTwin project leverages Digital Twins for event generation at CERN and environmental modeling, using AI and distributed computing tools.",,"['Digital Twins', 'AI', 'Distributed Computing', 'Event Generation', 'CERN']",3,Poster
2024-03-11,12:15:00 PM,,Interface to Unity for High Energy Physics detector visualization,The work discusses an automated interface to convert HEP detector descriptions to 3D models in Unity for enhanced visualization.,,"['HEP', 'detector visualization', 'Unity', '3D models', 'GDML', 'DD4hep', 'Geant4']",1,Poster
2024-03-11,12:15:00 PM,,Web based HXMT data analysis platform,"The report discusses an interactive web-based data analysis platform for HXMT satellite data using HXMTDAS, containers, virtualisation technology, and JupyterLab.",,"['HXMT', 'data analysis', 'web platform', 'JupyterLab', 'virtualisation']",1,Poster
2024-03-11,12:15:00 PM,,Visualizing BESIII Events with Unity,"Uses Unity for 3D modeling and animation to visualize BESIII detector events, aiding in analysis, interdisciplinary applications, and education.",BESIII,"['visualization', 'Unity', '3D modeling', 'BESIII', 'detector events']",1,Poster
2024-03-11,12:15:00 PM,,Introduction of dynamic job matching optimization for Grid middleware using Site Sonar infrastructure monitoring,A new approach for dynamically adding and modifying job matching parameters in Grid middleware using Site Sonar monitoring to enhance flexibility and reduce risks.,,"['Grid middleware', 'job matching', 'Site Sonar', 'infrastructure monitoring']",2,Poster
2024-03-12,07:30:00 AM,,The MadNIS Reloaded,"Combines machine-learned multi-channel weights and normalizing flows for improved numerical integration and event generation for LHC predictions, validated on processes like VBS and W+jets.",,"['machine learning', 'importance sampling', 'LHC', 'numerical integration']",2,Oral
2024-03-14,11:50:00 AM,,Two-loop five-points QCD amplitudes in full colour,"The talk covers recent advancements in calculating five-point scattering amplitudes in massless QCD beyond the leading-colour approximation, addressing the algebraic complexity of these calculations.",,"['QCD', 'five-point scattering amplitudes', 'massless', 'phenomenological studies', 'hadron colliders']",1,Oral
2024-03-14,11:30:00 AM,Lecture Hall 1,3-loop Feynman integrals in the Euclidean or physical kinematical region,This work addresses methods for 3-loop two-point Feynman integrals with up to 6 internal lines using numerical extrapolation and adaptive iterated integration.,,"['3-loop Feynman integrals', 'numerical extrapolation', 'adaptive iterated integration']",1,Oral
2024-03-14,02:10:00 PM,Theatre,Real-time track reconstruction with FPGAs in the LHCb Scintillating Fibre Tracker beyond Run 3,LHCb is developing a real-time tracking device using FPGAs to enhance track reconstruction in the Scintillating Fibre Tracker for future LHC runs.,LHCb,"['FPGA', 'real-time tracking', 'Scintillating Fibre Tracker', 'Run 4', 'Run 5']",2,Oral
2024-03-14,01:10:00 PM,Theatre,ATLAS TDAQ Phase-2,"The ATLAS experiment's TDAQ system is being upgraded for the High Luminosity LHC to handle increased data rates and pileup, utilizing commodity hardware, FPGAs, and commercial accelerators.",ATLAS,"['High Luminosity LHC', 'TDAQ', 'hardware', 'data acquisition', 'FPGAs', 'pileup']",1,Oral
2024-03-14,11:10:00 AM,Theatre,Pinpoint resource allocation for GPU batch applications,"Explores efficient resource allocation for GPU batch applications in HEP, focusing on Nvidia's MPS and KIT HTCondor batch system to improve throughput and energy efficiency.",,"['Machine Learning', 'GPU', 'Resource Allocation', 'High Energy Physics', 'HTCondor', 'Nvidia MPS']",3,Oral
2024-03-14,10:50:00 AM,Theatre,Fully containerised approach for the HPC cluster at FAIR,Operational approach for HPC cluster at GSI/FAIR using containerization for diverse workflows and user applications.,,"['HPC', 'containerization', 'FAIR', 'GSI', 'computing cluster', 'Spack', 'CVMFS']",2,Oral
2024-03-14,10:30:00 AM,Theatre,ACTS as a Service,"This talk covers deploying GNN-based track-finding algorithms as a service using Nvidia Triton Inference Server within ACTS for HL-LHC, focusing on computational challenges and scalability.",,"['GNN', 'track finding', 'HL-LHC', 'ACTS', 'Nvidia Triton', 'GPU', 'cloud computing', 'HPC']",2,Oral
2024-03-13,11:50:00 AM,Theatre,Key4hep,"The Key4hep software stack provides tools for full simulation studies of future Higgs factory detectors, including tracking, particle flow clustering, and converting results for machine learning tools.",,"['future experiments', 'detector simulation', 'machine learning', 'Higgs factories']",2,Oral
2024-03-13,11:30:00 AM,Theatre,Bridging Worlds: Achieving Language Interoperability between Julia and Python in Scientific Computing,"Explores interoperability between Julia and Python in HEP data analysis using Awkward Array data structures, focusing on memory management, data buffer copies, and performance enhancements.",,"['Julia', 'Python', 'HEP', 'Awkward Array', 'Interoperability', 'Memory Management']",2,Oral
2024-03-13,11:10:00 AM,Theatre,A Mechanism for Asynchronous Offloading in the Multithreaded Gaudi Event Processing Framework,"Explores a prototype for the Gaudi framework to asynchronously offload GPU-accelerated algorithms, improving CPU and GPU efficiency.","ATLAS, LHCb","['Gaudi', 'GPU', 'scheduler', 'Boost Fibers', 'CUDA']",2,Oral
2024-03-13,10:50:00 AM,Theatre,Optimizing the CMS Offline Software Infrastrucure for Run 3,"This work details recent enhancements in the CMSSW framework, focusing on compiler techniques, heterogeneous resources, and the improvement of the CMS Continuous Integration infrastructure.",CMS,"['CMSSW', 'compiler techniques', 'heterogeneous resources', 'Continuous Integration']",2,Oral
2024-03-13,10:30:00 AM,Theatre,Evaluating Application Characteristics for GPU Portability Layer Selection,Study on application and kernel characteristics influencing GPU portability layer selection for HPCs and their performance on various HEP tasks.,CMS,"['GPU', 'portability layers', 'HPC', 'CUDA', 'Kokkos', 'Alpaka', 'SYCL', 'OpenMP']",1,Oral
2024-03-12,08:30:00 AM,Theatre,New developments and applications of a Deep-learning-based Full Event Interpretation (DFEI) in proton-proton collisions,"The talk discusses a novel approach using Deep-learning based Full Event Interpretation for heavy-hadron decays at LHCb, leveraging Graph Neural Networks to improve data analysis and background suppression.",LHCb,"['Deep Learning', 'Graph Neural Networks', 'Heavy-Hadron Decays', 'Background Suppression', 'Data Analysis']",3,Oral
2024-03-12,08:10:00 AM,Theatre,Improving Computational Performance of a GNN Track Reconstruction Pipeline for ATLAS,"Deep learning techniques improve track reconstruction in ATLAS for HL-LHC by optimizing computational performance through various methods like pruning, knowledge distillation, and GPU-optimized segmentation.",ATLAS,"['Track Reconstruction', 'Deep Learning', 'ATLAS', 'HL-LHC', 'Computational Performance', 'GNN']",2,Oral
2024-03-12,07:50:00 AM,Theatre,Accelerating Machine Learning Inference on GPUs with SYCL using SOFIE,"Presentation on SOFIE, a tool from CERN's ROOT project, that generates SYCL code for GPU-accelerated machine learning inference with significant speedups.",,"['Machine Learning', 'GPU', 'SYCL', 'SOFIE', 'ROOT', 'Inference']",3,Oral
2024-03-12,07:30:00 AM,Theatre,Optimizing ANN-Based Triggering for BSM events with Knowledge Distillation,"This work explores using Knowledge Distillation to optimize ANN-based triggers for BSM events, focusing on FPGA implementation and performance trade-offs.",LHC,"['Machine Learning', 'ANN', 'Knowledge Distillation', 'BSM', 'Triggering', 'FPGA']",3,Oral
2024-03-11,01:50:00 PM,Theatre,HPC Friendly HEP data model and RNTuple in HEP-CCE,"The talk discusses HPC-friendly storage formats and data models for HEP experiments, focusing on HEP-CCE's work with HDF5 and ROOT::RNTuple for efficient I/O and processing on GPUs.",,"['HPC', 'HEP-CCE', 'ROOT::RNTuple', 'HDF5', 'Data Models']",2,Oral
2024-03-11,01:30:00 PM,Theatre,Seamless transition from TTree to RNTuple analysis with RDataFrame,"The talk discusses the integration of RNTuple with RDataFrame, ensuring seamless analysis flow and improved performance, including distributed execution and multi-core processing.",,"['RNTuple', 'RDataFrame', 'ROOT', 'TTree', 'distributed computing', 'data analysis', 'High-Luminosity LHC']",3,Oral
2024-03-11,01:10:00 PM,Theatre,RNTupleInspector: A storage information utility for RNTuple,"RNTupleInspector is a utility for understanding and monitoring storage patterns in RNTuple, ROOT's new I/O subsystem, aiding integration with existing software frameworks.",,"['RNTuple', 'ROOT', 'I/O subsystem', 'data storage', 'monitoring']",2,Oral
2024-03-11,12:50:00 PM,Theatre,Persistifying the complex Event Data Model of the ATLAS Experiment in RNTuple,Discussion on transitioning ATLAS Event Data Model from ROOT TTree to RNTuple for improved performance and future-proofing.,ATLAS,"['ATLAS', 'RNTuple', 'Event Data Model', 'ROOT', 'Data Storage']",2,Oral
2024-03-14,01:50:00 PM,Lecture Hall 2,dilax: Differentiable Binned Likelihoods in JAX,"dilax is a software package for statistical inference using binned data, built on JAX for performance, differentiability, and object-oriented statistical model building.",,"['differentiable programming', 'statistical inference', 'JAX', 'binned likelihoods']",3,Oral
2024-03-14,01:30:00 PM,Lecture Hall 2,The SciDAC QuantOM Framework: A Composable Workflow,"The QuantOM project analyzes DIS data using a composable workflow with deep learning for optimization, focusing on efficient multi-condition analysis.",,"['SciDAC', 'QuantOM', 'DIS', 'deep learning', 'GANs', 'Reinforcement Learning']",1,Oral
2024-03-14,01:10:00 PM,Lecture Hall 2,"AI-based Data Popularity, Placement Optimization for a Novel Multi-tiered Storage System at BNL/SDCC Facility",The talk discusses optimizing data placement in a multi-tiered storage system using AI/ML techniques to predict data popularity and automate data migration.,,"['AI', 'ML', 'data management', 'storage optimization', 'HEP']",3,Oral
2024-03-14,12:50:00 PM,Lecture Hall 2,Implementing an emissions model for dual phase xenon TPCs with probabilistic programming,"The talk discusses implementing emissions models for particle interactions in liquid xenon in a probabilistic programming framework, addressing challenges and applications like energy reconstruction.",,"['emissions model', 'probabilistic programming', 'xenon TPC', 'energy reconstruction']",1,Oral
2024-03-14,11:50:00 AM,Lecture Hall 2,From Amsterdam to ACAT 2024: The Evolution and Convergence of Declarative Analysis Language Tools and Imperative Analysis Tools,"Review of the development and convergence of Declarative Analysis Languages (DALs) in high-energy physics, focusing on their features, challenges, and future directions.",,"['Declarative Analysis Languages', 'Data Formats', 'High-Energy Physics', 'RDF', 'func_adl']",3,Oral
2024-03-14,11:30:00 AM,Lecture Hall 2,Consistent multi-differential histogramming and summary statistics with YODA2,"The YODA statistical library has been redesigned to enhance multi-dimensional histogramming and summary statistics, using C++ metaprogramming for collider physics data-model comparison.",,"['YODA', 'histogramming', 'multi-dimensional statistics', 'collider physics', 'C++ metaprogramming']",2,Oral
2024-03-14,11:10:00 AM,Lecture Hall 2,Common Analysis Tools in CMS,"Discussion on the CMS Common Analysis Tools group, its structure, services, and recent developments in data processing frameworks, workflow management, and result interpretation.",CMS,"['CMS', 'Common Analysis Tools', 'data processing', 'workflow management', 'result interpretation']",3,Oral
2024-03-14,10:50:00 AM,Lecture Hall 2,Deep Learning-Based C14 Pile-Up Identification in the JUNO Experiment,"This talk discusses the use of deep learning models to identify C14 pile-up events in the JUNO experiment, crucial for determining neutrino mass ordering.",JUNO,"['deep learning', 'neutrino physics', 'pile-up identification', 'C14 isotopes', 'transformer models']",1,Oral
2024-03-14,10:30:00 AM,Lecture Hall 2,Offline filter of data with abnormal high voltage at BESIII drift chamber,"An offline filter algorithm was developed to remove events with abnormal high voltages in the BESIII drift chamber, ensuring stable operation and accurate dE/dx measurement.",BESIII,"['offline filter', 'high voltage', 'drift chamber', 'data quality']",1,Oral
2024-03-13,01:50:00 PM,Lecture Hall 2,An empirical performance-portability evaluation for Lorentz Vectors computations via SYCL,"Evaluation of SYCL-based GenVectorX for multi-platform Lorentz vectors computations in HEP, comparing performance with CUDA on NVIDIA GPUs.",,"['SYCL', 'GenVectorX', 'ROOT', 'HEP', 'Performance Portability', 'GPUs']",2,Oral
2024-03-13,01:30:00 PM,Lecture Hall 2,To be or not to be Equivariant?,Study on the performance of Lorentz-equivariant architectures in particle physics by breaking and comparing equivariance effects.,,"['Equivariant Models', 'Machine Learning', 'Lorentz Group', 'Particle Physics']",3,Oral
2024-03-13,01:10:00 PM,Lecture Hall 2,Fast and Robust ML for uncovering BSM physics,"Explores breakthroughs in ML for BSM discovery at LHC, using knowledge distillation and robust multi-background representation learning for out-of-distribution BSM signatures.",LHC,"['Machine Learning', 'BSM Physics', 'Data Processing', 'Knowledge Distillation']",3,Oral
2024-03-13,12:50:00 PM,Lecture Hall 2,The Neural Network First-Level Hardware Track Trigger of the Belle II Experiment,"Describes the L1 hardware track trigger of Belle II using neural networks to estimate z-vertex and polar angles, enhancing event detection and background suppression.",Belle II,"['Neural Networks', 'Track Trigger', 'Belle II', 'Hardware Trigger', 'Event Detection']",2,Oral
2024-03-13,11:50:00 AM,Lecture Hall 2,Generic representations of jets at detector-level with self-supervised learning,"Explores self-supervised learning to create a generic jet feature representation, fine-tunable for tasks like kinematics prediction and classification, using a realistic calorimeter simulation.",,"['self-supervised learning', 'jet classification', 'feature extraction', 'calorimeter simulation']",2,Oral
2024-03-13,11:30:00 AM,Lecture Hall 2,Machine learning-based particle identification of atmospheric neutrinos in JUNO,"A machine learning approach for particle identification of atmospheric neutrinos in the JUNO liquid-scintillator detector, using PMT waveform features and neutron capture data.",JUNO,"['machine learning', 'neutrino physics', 'particle identification', 'liquid-scintillator detector']",2,Oral
2024-03-13,11:10:00 AM,Lecture Hall 2,Boosting statistical anomaly detection via multiple test with NPLM,"This presentation discusses enhancing statistical anomaly detection using multiple tests with the NPLM algorithm, focusing on kernel methods and AI-based techniques for signal-agnostic anomaly detection.",,"['statistical anomaly detection', 'AI', 'unsupervised learning', 'NPLM', 'kernel methods']",3,Oral
2024-03-13,10:50:00 AM,Lecture Hall 2,Reducing Systematic Differences between Data and Simulation with Generative Models,"Research on using GANs to reduce systematic differences between simulated and real data, focusing on LArTPC-based particle detectors.",,"['Generative Models', 'Deep Learning', 'Simulation', 'LArTPC', 'HEP']",2,Oral
2024-03-13,10:30:00 AM,Lecture Hall 2,A Deep Generative Model for Hadronization,"This work proposes the use of deep generative models, specifically GANs, to emulate and improve hadronization processes in high-energy physics simulations.",,"['deep generative models', 'hadronization', 'GANs', 'high-energy physics', 'simulation']",3,Oral
2024-03-12,08:50:00 AM,Lecture Hall 2,Denoising Graph Super-Resolution with Diffusion Models and Transformers for Improved Particle Reconstruction,The presentation explores a transformer-based de-noising diffusion model for graph super-resolution to enhance calorimeter data resolution and improve particle reconstruction.,,"['graph super-resolution', 'transformers', 'diffusion models', 'particle reconstruction', 'calorimeter data']",3,Oral
2024-03-12,08:30:00 AM,Lecture Hall 2,Beyond Language: Foundation Models for Collider Physics Data,"Explores the application of foundation models to collider physics data, addressing challenges like continuous and discrete data types, and permutation invariance.",,"['foundation models', 'collider physics', 'embedding schemes', 'sequential data', 'physical biases']",3,Oral
2024-03-12,08:10:00 AM,Lecture Hall 2,Finetuning Foundation Models for Joint Analysis Optimization,"This study shows improved performance and data efficiency by integrating HEP analysis with machine learning workflows like pretraining and finetuning, exemplified by heavy resonance searches.",,"['HEP analysis', 'machine learning', 'pretraining', 'finetuning', 'heavy resonances', 'di-Higgs decays']",3,Oral
2024-03-12,07:50:00 AM,Lecture Hall 2,Leveraging Language Models for Particle Reconstruction,"This talk explores using language models to tokenize detector readout signals for enhanced particle reconstruction, demonstrating preliminary results in particle tracking.",,"['Particle Reconstruction', 'Language Models', 'Machine Learning', 'High-Energy Physics']",3,Oral
2024-03-12,07:30:00 AM,Lecture Hall 2,Towards the construction of Foundational Models at the LHC,Pre-training models on quark and gluon jets to improve tagging performance and reduce uncertainties for new physics searches at the LHC.,LHC,"['deep learning', 'quark jets', 'gluon jets', 'jet tagging', 'foundation models']",3,Oral
2024-03-11,01:50:00 PM,Lecture Hall 2,Track reconstruction for future colliders with quantum algorithms,"Explores the application of quantum algorithms, specifically the Quantum Approximate Optimization Algorithm (QAOA), for track reconstruction in future colliders like HL-LHC.",,"['quantum algorithms', 'track reconstruction', 'HL-LHC', 'QAOA', 'computing resources']",1,Oral
2024-03-11,01:30:00 PM,Lecture Hall 2,Reconstructing Particle Tracks in One Go with a Recursive Graph Attention Network,Explores a recursive Graph Attention Network for particle track reconstruction that simplifies current multi-step GNN methods by using a one-shot object condensation approach.,,"['Track Reconstruction', 'Graph Neural Networks', 'High-Luminosity LHC', 'Machine Learning']",3,Oral
2024-03-11,01:10:00 PM,Lecture Hall 2,Reconstruction of atmospheric neutrinos and muons using Machine Learning-based methods in JUNO,The abstract discusses a novel multi-purpose reconstruction method for atmospheric neutrinos and muons in JUNO using PMT waveform analysis and machine learning techniques.,JUNO,"['machine learning', 'atmospheric neutrinos', 'muons', 'reconstruction methods', 'liquid scintillator']",1,Oral
2024-03-11,12:50:00 PM,Lecture Hall 2,Wire-Cell: A High Quality Automated LArTPC Reconstruction for Neutrino Experiments,"Development and validation of Wire-Cell, a high-quality automated 3D reconstruction framework for LArTPC detectors in neutrino experiments.",MicroBooNE,"['LArTPC', 'neutrino experiments', '3D reconstruction', 'machine learning', 'signal processing']",1,Oral
2024-03-11,11:50:00 AM,Lecture Hall 2,Tracking and vertexing downstream the LHCb magnet at the first stage of the trigger.,"The ""Downstream"" algorithm at LHCb reconstructs very displaced vertices in real time using GPUs and a Neural Network, enhancing the detection of long-lived particles in Run3.",LHCb,"['Downstream Algorithm', 'Displaced Vertices', 'GPUs', 'Neural Network', 'HLT1', 'Long-lived Particles']",3,Oral
2024-03-11,11:30:00 AM,Lecture Hall 2,High Pileup Particle Tracking with Learned Clustering,"This talk discusses using learned clustering for particle tracking in high-pileup experiments, presenting results on the trackML dataset and improvements in inference speeds.",,"['High Pileup', 'Particle Tracking', 'Graph Neural Network', 'Learned Clustering', 'TrackML']",3,Oral
2024-03-11,11:10:00 AM,Lecture Hall 2,"Leveraging Large-Scale Pretraining for Efficient Jet Classification: An Evaluation of Transfer Learning, Model Architectures, Dataset Scaling, and Domain Adaptation in Particle Physics","This study employs self-supervised learning to use unlabeled real data for effective jet classification, exploring dataset scalability, contrastive learning techniques, and domain adaptation.",CMS,"['machine learning', 'self-supervised learning', 'jet classification', 'contrastive learning', 'ParticleTransformer']",3,Oral
2024-03-11,10:50:00 AM,Lecture Hall 2,"Line Segment Tracking: Improving the Phase 2 CMS High Level Trigger Tracking with a Novel, Hardware-Agnostic Pattern Recognition Algorithm","A novel, hardware-agnostic, parallelizable pattern recognition algorithm for charged particle reconstruction in the CMS High Level Trigger using the Alpaka library.",CMS,"['pattern recognition', 'HL-LHC', 'High Level Trigger', 'parallel computing', 'Alpaka library']",2,Oral
2024-03-11,10:30:00 AM,Lecture Hall 2,Application of ACTS for gaseous tracking detectors,"The talk discusses the extension of the ACTS software to support gaseous tracking detectors, including applications to CEPC and STCF, and efforts to add an open-access drift chamber to the Open Data Detector.",,"['ACTS', 'tracking detectors', 'gaseous detectors', 'CEPC', 'STCF', 'open-access data']",2,Oral
2024-03-12,08:50:00 AM,Lecture Hall 1,Machine learning based surrogates for particle-resolved direct numerical simulation,"This study improves PR-DNS models for aerosol-cloud-turbulence interactions using Fourier Neural Operators for faster, accurate surrogates in velocity and vorticity fields.",,"['Machine Learning', 'High Performance Computing', 'Atmospheric Physics', 'Direct Numerical Simulation']",2,Oral
2024-03-12,08:10:00 AM,Lecture Hall 1,Precision-Machine Learning for the Matrix Element Method,"A machine learning framework for the matrix element method using INN, diffusion networks, and a transformer for jet combinatorics, demonstrated on the CP-phase of the top Yukawa coupling.",LHC,"['Machine Learning', 'Matrix Element Method', 'Bayesian Networks', 'Jet Combinatorics', 'Top Yukawa Coupling']",3,Oral
2024-03-13,11:30:00 AM,Lecture Hall 1,Pepper  A Portable Parton-Level Event Generator for the High-Luminosity LHC,"A new leading-order parton-level event generation framework for the High-Luminosity LHC, optimized for modern hardware to ensure sustainable simulations.",LHC,"['parton-level', 'event generator', 'high-luminosity LHC', 'modern hardware', 'simulation']",2,Oral
2024-03-13,11:10:00 AM,Lecture Hall 1,Efficient precision simulation of processes with many-jet final states at the LHC,"Flexible and efficient simulation approach for collider events with multi-jet final states, validated with processes like Higgs plus multi-jet production using Sherpa and Pythia.",LHC,"['multi-jet final states', 'QCD calculations', 'event simulation', 'Sherpa', 'Pythia']",2,Oral
2024-03-13,10:30:00 AM,Lecture Hall 1,Towards a framework for GPU event generation,"The presentation discusses the PDFFlow-VegasFlow-MadFlow suite, highlighting the advantages of hardware-agnostic Monte Carlo event generation and GPU performance improvements.",,"['GPU', 'Monte Carlo', 'event generation', 'hardware acceleration']",2,Oral
2024-03-14,10:50:00 AM,Lecture Hall 1,McMule -- a Monte Carlo generator for low energy processes,"McMule is a Monte Carlo generator for low-energy QED processes at NNLO, suitable for predicting outcomes in experiments like MUonE, CMD-III, PRad, and MUSE, and it now includes event generation with cellular resampling.",,"['Monte Carlo', 'QED', 'NNLO', 'low-energy experiments']",1,Oral
2024-03-14,11:10:00 AM,Lecture Hall 1,Total 10-th order QED electon anomalous magnetic moment calculation,"Presentation of total 5-loop QED calculation results for the electron anomalous magnetic moment, including a comparison with previous values and a new method for reduction to finite integrals.",,"['QED', 'anomalous magnetic moment', 'Feynman diagrams', 'Monte Carlo integration']",1,Oral
2024-03-14,10:30:00 AM,Lecture Hall 1,Multiscale Lattice Gauge Theory Algorithms and Software for Exascale hardware.,Development of performance portable software and multiscale algorithms for GPU architectures to calculate the hadronic vacuum polarisation contribution to the muon's magnetic moment.,,"['Lattice Gauge Theory', 'GPU architectures', 'Multigrid algorithms', 'Hadronic vacuum polarisation']",1,Oral
